"edge","polarity","lr_name","score","share","rank","sender_name","receiver_name","sign"
"Bcell->Bcell","neg","IL10_IL10RA",1.58426390499194,0.502523511446127,1,"Bcell","Bcell",-1
"Bcell->Bcell","neg","LGALS9_HAVCR2",1.51120023950082,0.479347947308087,2,"Bcell","Bcell",-1
"Bcell->Bcell","neg","TGFB1_TGFBR1",0.0401157198167936,0.0127245797388956,3,"Bcell","Bcell",-1
"Bcell->Bcell","neg","PVR_TIGIT",0.0126353708311548,0.00400789975615091,4,"Bcell","Bcell",-1
"Bcell->Bcell","neg","CD274_PDCD1",0.00343548512041512,0.00108972503936502,5,"Bcell","Bcell",-1
"Bcell->Bcell","neg","FASLG_FAS",0.00096576216545105,0.000306336711374325,6,"Bcell","Bcell",-1
"Bcell->Bcell","pos","CCL5_CCR5",0.175917111067831,0.332700582041515,1,"Bcell","Bcell",1
"Bcell->Bcell","pos","IFNG_IFNGR1",0.143007135800171,0.270460087867525,2,"Bcell","Bcell",1
"Bcell->Bcell","pos","IL12A_IL12RB1",0.132369989577836,0.250342745569499,3,"Bcell","Bcell",1
"Bcell->Bcell","pos","CD86_CD28",0.0543691225094628,0.102824782616001,4,"Bcell","Bcell",1
"Bcell->Bcell","pos","CD80_CD28",0.0217597548583716,0.0411528080612321,5,"Bcell","Bcell",1
"Bcell->Bcell","pos","CXCL9_CXCR3",0.00133193070223999,0.00251899384422782,6,"Bcell","Bcell",1
"Bcell->CAF","neg","LGALS9_HAVCR2",0.520064027216769,0.774778440371733,1,"Bcell","CAF",-1
"Bcell->CAF","neg","TGFB1_TGFBR1",0.132924077167833,0.198026980922138,2,"Bcell","CAF",-1
"Bcell->CAF","neg","FASLG_FAS",0.0127664636823382,0.0190191597634604,3,"Bcell","CAF",-1
"Bcell->CAF","neg","PVR_TIGIT",0.00548768664428571,0.00817541894266856,4,"Bcell","CAF",-1
"Bcell->CAF","pos","IFNG_IFNGR1",0.192300497095354,0.65224850939181,1,"Bcell","CAF",1
"Bcell->CAF","pos","IL12A_IL12RB1",0.0738826558828125,0.250596607379424,2,"Bcell","CAF",1
"Bcell->CAF","pos","CD86_CD28",0.0202004891625977,0.0685164060639763,3,"Bcell","CAF",1
"Bcell->CAF","pos","CD80_CD28",0.00808469351553013,0.0274218183210383,4,"Bcell","CAF",1
"Bcell->CAF","pos","CXCL9_CXCR3",0.000358703925083705,0.00121665884375132,5,"Bcell","CAF",1
"Bcell->CD4conv","neg","IL10_IL10RA",2.67032608896801,0.520484991502834,1,"Bcell","CD4conv",-1
"Bcell->CD4conv","neg","LGALS9_HAVCR2",1.94545847248067,0.379197859280754,2,"Bcell","CD4conv",-1
"Bcell->CD4conv","neg","PVR_TIGIT",0.359833024953128,0.0701366360119517,3,"Bcell","CD4conv",-1
"Bcell->CD4conv","neg","CD274_PDCD1",0.0987743772566361,0.0192525478890057,4,"Bcell","CD4conv",-1
"Bcell->CD4conv","neg","TGFB1_TGFBR1",0.0488107973192211,0.0095139269817641,5,"Bcell","CD4conv",-1
"Bcell->CD4conv","neg","FASLG_FAS",0.00725466346753071,0.00141403833369014,6,"Bcell","CD4conv",-1
"Bcell->CD4conv","pos","CCL5_CCR5",3.61018665314492,0.684846270515256,1,"Bcell","CD4conv",1
"Bcell->CD4conv","pos","CD86_CD28",1.02620633050084,0.194669596268776,2,"Bcell","CD4conv",1
"Bcell->CD4conv","pos","CD80_CD28",0.410711027788261,0.0779111837320804,3,"Bcell","CD4conv",1
"Bcell->CD4conv","pos","IL12A_IL12RB1",0.162861800349657,0.0308946066491332,4,"Bcell","CD4conv",1
"Bcell->CD4conv","pos","IFNG_IFNGR1",0.0564732083866792,0.0107128716222905,5,"Bcell","CD4conv",1
"Bcell->CD4conv","pos","CXCL9_CXCR3",0.00508950904063177,0.000965471212463217,6,"Bcell","CD4conv",1
"Bcell->CD8","neg","LGALS9_HAVCR2",5.42357126806411,0.517944829550766,1,"Bcell","CD8",-1
"Bcell->CD8","neg","IL10_IL10RA",4.00772029112472,0.382732686725562,2,"Bcell","CD8",-1
"Bcell->CD8","neg","PVR_TIGIT",0.783667270248467,0.0748393246168658,3,"Bcell","CD8",-1
"Bcell->CD8","neg","CD274_PDCD1",0.198456172820953,0.0189523366661199,4,"Bcell","CD8",-1
"Bcell->CD8","neg","TGFB1_TGFBR1",0.0500102406459339,0.0047759205672606,5,"Bcell","CD8",-1
"Bcell->CD8","neg","FASLG_FAS",0.00790482668678977,0.000754901873425383,6,"Bcell","CD8",-1
"Bcell->CD8","pos","CCL5_CCR5",7.14728577449917,0.860904818987951,1,"Bcell","CD8",1
"Bcell->CD8","pos","CD86_CD28",0.67111238204946,0.0808368242179806,2,"Bcell","CD8",1
"Bcell->CD8","pos","CD80_CD28",0.268594383020848,0.0323527288527856,3,"Bcell","CD8",1
"Bcell->CD8","pos","IL12A_IL12RB1",0.161776337034519,0.0194862822818912,4,"Bcell","CD8",1
"Bcell->CD8","pos","IFNG_IFNGR1",0.0443381121936454,0.005340613997628,5,"Bcell","CD8",1
"Bcell->CD8","pos","CXCL9_CXCR3",0.00895569787806121,0.00107873166176335,6,"Bcell","CD8",1
"Bcell->Endo","neg","LGALS9_HAVCR2",0.817037361812563,0.971056452037842,1,"Bcell","Endo",-1
"Bcell->Endo","neg","TGFB1_TGFBR1",0.021511249070092,0.0255663182336794,2,"Bcell","Endo",-1
"Bcell->Endo","neg","CD274_PDCD1",0.00243783638530116,0.00289739106386469,3,"Bcell","Endo",-1
"Bcell->Endo","neg","FASLG_FAS",0.000403731539818548,0.000479838664614108,4,"Bcell","Endo",-1
"Bcell->Endo","pos","IFNG_IFNGR1",0.24100749190184,0.707773179927831,1,"Bcell","Endo",1
"Bcell->Endo","pos","IL12A_IL12RB1",0.0689447225292339,0.202471819936753,2,"Bcell","Endo",1
"Bcell->Endo","pos","CD86_CD28",0.021785823265814,0.0639790128037641,3,"Bcell","Endo",1
"Bcell->Endo","pos","CD80_CD28",0.00871918014805947,0.0256058507188197,4,"Bcell","Endo",1
"Bcell->Endo","pos","CXCL9_CXCR3",5.79340945690524e-05,0.000170136612832262,5,"Bcell","Endo",1
"Bcell->Macrophage","neg","LGALS9_HAVCR2",4.7324603443529,0.506029927109483,1,"Bcell","Macrophage",-1
"Bcell->Macrophage","neg","IL10_IL10RA",4.45408470241562,0.476263928971396,2,"Bcell","Macrophage",-1
"Bcell->Macrophage","neg","TGFB1_TGFBR1",0.148525350726905,0.0158814373356409,3,"Bcell","Macrophage",-1
"Bcell->Macrophage","neg","PVR_TIGIT",0.0121363643897395,0.00129771052278173,4,"Bcell","Macrophage",-1
"Bcell->Macrophage","neg","FASLG_FAS",0.00323388595883666,0.000345791186181457,5,"Bcell","Macrophage",-1
"Bcell->Macrophage","neg","CD274_PDCD1",0.00169465250356897,0.000181204874517372,6,"Bcell","Macrophage",-1
"Bcell->Macrophage","pos","CCL5_CCR5",5.648644711417,0.87493557299553,1,"Bcell","Macrophage",1
"Bcell->Macrophage","pos","IFNG_IFNGR1",0.387099572787635,0.0599590173973453,2,"Bcell","Macrophage",1
"Bcell->Macrophage","pos","CD86_CD28",0.22430238078283,0.0347428705611149,3,"Bcell","Macrophage",1
"Bcell->Macrophage","pos","IL12A_IL12RB1",0.106215084341912,0.0164519739560938,4,"Bcell","Macrophage",1
"Bcell->Macrophage","pos","CD80_CD28",0.0897708955875463,0.0139048840884716,5,"Bcell","Macrophage",1
"Bcell->Macrophage","pos","CXCL9_CXCR3",3.66769391462054e-05,5.68100144495677e-06,6,"Bcell","Macrophage",1
"Bcell->NK","neg","LGALS9_HAVCR2",4.48206807936507,0.549043997882689,1,"Bcell","NK",-1
"Bcell->NK","neg","IL10_IL10RA",3.10434414941071,0.380275688011781,2,"Bcell","NK",-1
"Bcell->NK","neg","PVR_TIGIT",0.36595560785712,0.0448287992122435,3,"Bcell","NK",-1
"Bcell->NK","neg","TGFB1_TGFBR1",0.198763027444336,0.0243480565861383,4,"Bcell","NK",-1
"Bcell->NK","neg","CD274_PDCD1",0.00775423116394761,0.000949877155673066,5,"Bcell","NK",-1
"Bcell->NK","neg","FASLG_FAS",0.00451910669806985,0.000553581151475547,6,"Bcell","NK",-1
"Bcell->NK","pos","CCL5_CCR5",1.0396219804136,0.752326752309958,1,"Bcell","NK",1
"Bcell->NK","pos","IL12A_IL12RB1",0.159917101878676,0.115724673161817,2,"Bcell","NK",1
"Bcell->NK","pos","IFNG_IFNGR1",0.123091319425551,0.0890755431547637,3,"Bcell","NK",1
"Bcell->NK","pos","CD86_CD28",0.0380608248858523,0.027542873579125,4,"Bcell","NK",1
"Bcell->NK","pos","CD80_CD28",0.0152328045956491,0.0110232821409352,5,"Bcell","NK",1
"Bcell->NK","pos","CXCL9_CXCR3",0.0059515663671875,0.0043068756534005,6,"Bcell","NK",1
"Bcell->Treg","neg","IL10_IL10RA",4.31179021721679,0.552407121401086,1,"Bcell","Treg",-1
"Bcell->Treg","neg","LGALS9_HAVCR2",2.47297664705651,0.316826617732435,2,"Bcell","Treg",-1
"Bcell->Treg","neg","PVR_TIGIT",0.857230133292461,0.109824459552678,3,"Bcell","Treg",-1
"Bcell->Treg","neg","CD274_PDCD1",0.0874121561085352,0.0111988513120536,4,"Bcell","Treg",-1
"Bcell->Treg","neg","TGFB1_TGFBR1",0.0615203147399963,0.0078817053384259,5,"Bcell","Treg",-1
"Bcell->Treg","neg","FASLG_FAS",0.0145278658081055,0.00186124466332155,6,"Bcell","Treg",-1
"Bcell->Treg","pos","CCL5_CCR5",6.49347102060838,0.779504645077915,1,"Bcell","Treg",1
"Bcell->Treg","pos","CD86_CD28",1.15059318030537,0.138122234748801,2,"Bcell","Treg",1
"Bcell->Treg","pos","CD80_CD28",0.460493463745003,0.0552796482617731,3,"Bcell","Treg",1
"Bcell->Treg","pos","IL12A_IL12RB1",0.169326245312109,0.0203266626332037,4,"Bcell","Treg",1
"Bcell->Treg","pos","IFNG_IFNGR1",0.0450096067225342,0.00540314993352483,5,"Bcell","Treg",1
"Bcell->Treg","pos","CXCL9_CXCR3",0.0113596275445435,0.00136365934478246,6,"Bcell","Treg",1
"Bcell->Tumor","neg","LGALS9_HAVCR2",0.610333516298382,0.680247349260944,1,"Bcell","Tumor",-1
"Bcell->Tumor","neg","TGFB1_TGFBR1",0.150444707083074,0.167678179996211,2,"Bcell","Tumor",-1
"Bcell->Tumor","neg","IL10_IL10RA",0.123090314262455,0.137190335711133,3,"Bcell","Tumor",-1
"Bcell->Tumor","neg","PVR_TIGIT",0.00826162767622613,0.00920799886825513,4,"Bcell","Tumor",-1
"Bcell->Tumor","neg","CD274_PDCD1",0.00265938617249636,0.00296401941920792,5,"Bcell","Tumor",-1
"Bcell->Tumor","neg","FASLG_FAS",0.00243337331770212,0.00271211674424894,6,"Bcell","Tumor",-1
"Bcell->Tumor","pos","IFNG_IFNGR1",0.122187101904337,0.379024230452284,1,"Bcell","Tumor",1
"Bcell->Tumor","pos","CCL5_CCR5",0.0913637464891781,0.283410222229595,2,"Bcell","Tumor",1
"Bcell->Tumor","pos","IL12A_IL12RB1",0.0603274734004192,0.187135743661606,3,"Bcell","Tumor",1
"Bcell->Tumor","pos","CD86_CD28",0.0345770129382099,0.107257848954502,4,"Bcell","Tumor",1
"Bcell->Tumor","pos","CD80_CD28",0.0138385041093727,0.0429270216652842,5,"Bcell","Tumor",1
"Bcell->Tumor","pos","CXCL9_CXCR3",7.8959748517676e-05,0.000244933036729597,6,"Bcell","Tumor",1
"CAF->Bcell","neg","IL10_IL10RA",0.897397660815176,0.659687682811306,1,"CAF","Bcell",-1
"CAF->Bcell","neg","LGALS9_HAVCR2",0.305289369075449,0.224421842474344,2,"CAF","Bcell",-1
"CAF->Bcell","neg","PVR_TIGIT",0.0770429811741043,0.0566352108400331,3,"CAF","Bcell",-1
"CAF->Bcell","neg","TGFB1_TGFBR1",0.0691481047122855,0.0508315933507164,4,"CAF","Bcell",-1
"CAF->Bcell","neg","CD274_PDCD1",0.0111774794829346,0.0082166979720785,5,"CAF","Bcell",-1
"CAF->Bcell","neg","FASLG_FAS",0.000281552450390625,0.000206972551521159,6,"CAF","Bcell",-1
"CAF->Bcell","pos","CXCL9_CXCR3",0.152658881896875,0.616734282346009,1,"CAF","Bcell",1
"CAF->Bcell","pos","CCL5_CCR5",0.0948689210268938,0.383265717653991,2,"CAF","Bcell",1
"CAF->CAF","neg","TGFB1_TGFBR1",0.229123347375096,0.616971074277346,1,"CAF","CAF",-1
"CAF->CAF","neg","LGALS9_HAVCR2",0.105062197978667,0.282905857894615,2,"CAF","CAF",-1
"CAF->CAF","neg","PVR_TIGIT",0.0334606514106122,0.0901010494274452,3,"CAF","CAF",-1
"CAF->CAF","neg","FASLG_FAS",0.00372185747295918,0.0100220184005935,4,"CAF","CAF",-1
"CAF->CAF","pos","CXCL9_CXCR3",0.041112754622449,1,1,"CAF","CAF",1
"CAF->CD4conv","neg","PVR_TIGIT",2.19404791024651,0.486779359976964,1,"CAF","CD4conv",-1
"CAF->CD4conv","neg","IL10_IL10RA",1.51259167005122,0.335589027757964,2,"CAF","CD4conv",-1
"CAF->CD4conv","neg","LGALS9_HAVCR2",0.39301726806389,0.0871962245284518,3,"CAF","CD4conv",-1
"CAF->CD4conv","neg","CD274_PDCD1",0.321366135066329,0.0712994464775758,4,"CAF","CD4conv",-1
"CAF->CD4conv","neg","TGFB1_TGFBR1",0.0841359481902328,0.018666704049546,5,"CAF","CD4conv",-1
"CAF->CD4conv","neg","FASLG_FAS",0.00211498063303055,0.00046923720949859,6,"CAF","CD4conv",-1
"CAF->CD4conv","pos","CCL5_CCR5",1.94690846393839,0.769455685175774,1,"CAF","CD4conv",1
"CAF->CD4conv","pos","CXCL9_CXCR3",0.583332720118415,0.230544314824226,2,"CAF","CD4conv",1
"CAF->CD8","neg","PVR_TIGIT",4.77833722138541,0.538201701045059,1,"CAF","CD8",-1
"CAF->CD8","neg","IL10_IL10RA",2.27015133218927,0.255695496572703,2,"CAF","CD8",-1
"CAF->CD8","neg","LGALS9_HAVCR2",1.09565801227636,0.123407992916794,3,"CAF","CD8",-1
"CAF->CD8","neg","CD274_PDCD1",0.645684589575484,0.0727258308377304,4,"CAF","CD8",-1
"CAF->CD8","neg","TGFB1_TGFBR1",0.086203447742298,0.00970941146707141,5,"CAF","CD8",-1
"CAF->CD8","neg","FASLG_FAS",0.00230452527878788,0.000259567160641996,6,"CAF","CD8",-1
"CAF->CD8","pos","CCL5_CCR5",3.85440214190508,0.789697811609757,1,"CAF","CD8",1
"CAF->CD8","pos","CXCL9_CXCR3",1.02645492169509,0.210302188390243,2,"CAF","CD8",1
"CAF->Endo","neg","LGALS9_HAVCR2",0.165056101884433,0.785290839009261,1,"CAF","Endo",-1
"CAF->Endo","neg","TGFB1_TGFBR1",0.0370792823856567,0.176412870787904,2,"CAF","Endo",-1
"CAF->Endo","neg","CD274_PDCD1",0.00793159196572581,0.0377362995874276,3,"CAF","Endo",-1
"CAF->Endo","neg","FASLG_FAS",0.000117701447004608,0.000559990615406446,4,"CAF","Endo",-1
"CAF->Endo","pos","CXCL9_CXCR3",0.0066401007843318,1,1,"CAF","Endo",1
"CAF->Macrophage","neg","IL10_IL10RA",2.52299202198939,0.661247108162252,1,"CAF","Macrophage",-1
"CAF->Macrophage","neg","LGALS9_HAVCR2",0.956041294156565,0.250567395986551,2,"CAF","Macrophage",-1
"CAF->Macrophage","neg","TGFB1_TGFBR1",0.256015510911847,0.0670987124650734,3,"CAF","Macrophage",-1
"CAF->Macrophage","neg","PVR_TIGIT",0.0740003364915342,0.0193946346566237,4,"CAF","Macrophage",-1
"CAF->Macrophage","neg","CD274_PDCD1",0.00551361537757353,0.0014450549950866,5,"CAF","Macrophage",-1
"CAF->Macrophage","neg","FASLG_FAS",0.000942787519087635,0.000247093734413237,6,"CAF","Macrophage",-1
"CAF->Macrophage","pos","CCL5_CCR5",3.04621208126691,0.998621919807975,1,"CAF","Macrophage",1
"CAF->Macrophage","pos","CXCL9_CXCR3",0.00420371758984394,0.00137808019202478,2,"CAF","Macrophage",1
"CAF->NK","neg","PVR_TIGIT",2.23137978168206,0.423859440881952,1,"CAF","NK",-1
"CAF->NK","neg","IL10_IL10RA",1.75843883665368,0.334022432329871,2,"CAF","NK",-1
"CAF->NK","neg","LGALS9_HAVCR2",0.905457596112185,0.171995262115856,3,"CAF","NK",-1
"CAF->NK","neg","TGFB1_TGFBR1",0.342610993830357,0.0650803173341815,4,"CAF","NK",-1
"CAF->NK","neg","CD274_PDCD1",0.0252286814534314,0.00479228811824197,5,"CAF","NK",-1
"CAF->NK","neg","FASLG_FAS",0.00131747298655462,0.000250259219897191,6,"CAF","NK",-1
"CAF->NK","pos","CXCL9_CXCR3",0.682137190487395,0.548877191153701,1,"CAF","NK",1
"CAF->NK","pos","CCL5_CCR5",0.560649359002101,0.451122808846299,2,"CAF","NK",1
"CAF->Treg","neg","PVR_TIGIT",5.22687983626754,0.610364892776831,1,"CAF","Treg",-1
"CAF->Treg","neg","IL10_IL10RA",2.4423900858082,0.285208233122123,2,"CAF","Treg",-1
"CAF->Treg","neg","LGALS9_HAVCR2",0.499585336598136,0.058338695351249,3,"CAF","Treg",-1
"CAF->Treg","neg","CD274_PDCD1",0.28439872309625,0.0332104432407359,4,"CAF","Treg",-1
"CAF->Treg","neg","TGFB1_TGFBR1",0.106043545647489,0.0123831538884246,5,"CAF","Treg",-1
"CAF->Treg","neg","FASLG_FAS",0.00423536597678571,0.000494581620636118,6,"CAF","Treg",-1
"CAF->Treg","pos","CCL5_CCR5",3.50181165268788,0.728968159133371,1,"CAF","Treg",1
"CAF->Treg","pos","CXCL9_CXCR3",1.30198067872339,0.271031840866629,2,"CAF","Treg",1
"CAF->Tumor","neg","TGFB1_TGFBR1",0.259323936010603,0.506410625888638,1,"CAF","Tumor",-1
"CAF->Tumor","neg","LGALS9_HAVCR2",0.123298242844298,0.240778160667735,2,"CAF","Tumor",-1
"CAF->Tumor","neg","IL10_IL10RA",0.0697238381434268,0.136157475691435,3,"CAF","Tumor",-1
"CAF->Tumor","neg","PVR_TIGIT",0.050374495060924,0.0983718663424252,4,"CAF","Tumor",-1
"CAF->Tumor","neg","CD274_PDCD1",0.00865241249442124,0.0168965259981531,5,"CAF","Tumor",-1
"CAF->Tumor","neg","FASLG_FAS",0.000709410913808387,0.00138534541161386,6,"CAF","Tumor",-1
"CAF->Tumor","pos","CCL5_CCR5",0.0492708184996335,0.844824568425413,1,"CAF","Tumor",1
"CAF->Tumor","pos","CXCL9_CXCR3",0.00904995049914763,0.155175431574587,2,"CAF","Tumor",1
"CD4conv->Bcell","neg","IL10_IL10RA",1.76998329970273,0.676866986337028,1,"CD4conv","Bcell",-1
"CD4conv->Bcell","neg","LGALS9_HAVCR2",0.74798484499788,0.286040127013919,2,"CD4conv","Bcell",-1
"CD4conv->Bcell","neg","TGFB1_TGFBR1",0.0455777780617871,0.0174295956836435,3,"CD4conv","Bcell",-1
"CD4conv->Bcell","neg","FASLG_FAS",0.031684976083182,0.0121167890551206,4,"CD4conv","Bcell",-1
"CD4conv->Bcell","neg","PVR_TIGIT",0.0124195170157697,0.00474940133934446,5,"CD4conv","Bcell",-1
"CD4conv->Bcell","neg","CD274_PDCD1",0.00731431935387125,0.00279710057094489,6,"CD4conv","Bcell",-1
"CD4conv->Bcell","pos","IFNG_IFNGR1",1.08242069069251,0.803264443981791,1,"CD4conv","Bcell",1
"CD4conv->Bcell","pos","CCL5_CCR5",0.211649288055768,0.157064946329222,2,"CD4conv","Bcell",1
"CD4conv->Bcell","pos","IL12A_IL12RB1",0.0333179461117257,0.0247252493306721,3,"CD4conv","Bcell",1
"CD4conv->Bcell","pos","CXCL9_CXCR3",0.0094489275301707,0.00701204955153887,4,"CD4conv","Bcell",1
"CD4conv->Bcell","pos","CD80_CD28",0.00865753656208886,0.00642475827799368,5,"CD4conv","Bcell",1
"CD4conv->Bcell","pos","CD86_CD28",0.00203281557198776,0.00150855252878212,6,"CD4conv","Bcell",1
"CD4conv->CAF","neg","FASLG_FAS",0.418845457931949,0.503012903877728,1,"CD4conv","CAF",-1
"CD4conv->CAF","neg","LGALS9_HAVCR2",0.257411295087673,0.309138372115317,2,"CD4conv","CAF",-1
"CD4conv->CAF","neg","TGFB1_TGFBR1",0.151022694242847,0.18137086733044,3,"CD4conv","CAF",-1
"CD4conv->CAF","neg","PVR_TIGIT",0.00539393885360859,0.00647785667651524,4,"CD4conv","CAF",-1
"CD4conv->CAF","pos","IFNG_IFNGR1",1.45552203197274,0.983038947220368,1,"CD4conv","CAF",1
"CD4conv->CAF","pos","IL12A_IL12RB1",0.0185964987618833,0.012559811643723,2,"CD4conv","CAF",1
"CD4conv->CAF","pos","CD80_CD28",0.00321665065436416,0.0021724802533948,3,"CD4conv","CAF",1
"CD4conv->CAF","pos","CXCL9_CXCR3",0.00254470250381916,0.00171865599791228,4,"CD4conv","CAF",1
"CD4conv->CAF","pos","CD86_CD28",0.000755279229021057,0.000510104884601415,5,"CD4conv","CAF",1
"CD4conv->CD4conv","neg","IL10_IL10RA",2.9833619053878,0.621050002989119,1,"CD4conv","CD4conv",-1
"CD4conv->CD4conv","neg","LGALS9_HAVCR2",0.962925637484635,0.200453377432396,2,"CD4conv","CD4conv",-1
"CD4conv->CD4conv","neg","PVR_TIGIT",0.353685889868957,0.0736272131663397,3,"CD4conv","CD4conv",-1
"CD4conv->CD4conv","neg","FASLG_FAS",0.238012884210357,0.0495474257358249,4,"CD4conv","CD4conv",-1
"CD4conv->CD4conv","neg","CD274_PDCD1",0.210295580947676,0.04377748168611,5,"CD4conv","CD4conv",-1
"CD4conv->CD4conv","neg","TGFB1_TGFBR1",0.0554567560396363,0.0115444989902108,6,"CD4conv","CD4conv",-1
"CD4conv->CD4conv","pos","CCL5_CCR5",4.34348557822744,0.86012884865433,1,"CD4conv","CD4conv",1
"CD4conv->CD4conv","pos","IFNG_IFNGR1",0.427445587840789,0.0846459081560738,2,"CD4conv","CD4conv",1
"CD4conv->CD4conv","pos","CD80_CD28",0.163409273802639,0.0323595020643912,3,"CD4conv","CD4conv",1
"CD4conv->CD4conv","pos","IL12A_IL12RB1",0.0409928315701633,0.00811770095387643,4,"CD4conv","CD4conv",1
"CD4conv->CD4conv","pos","CD86_CD28",0.0383689879922458,0.00759810821779459,5,"CD4conv","CD4conv",1
"CD4conv->CD4conv","pos","CXCL9_CXCR3",0.036105783888157,0.00714993195353401,6,"CD4conv","CD4conv",1
"CD4conv->CD8","neg","IL10_IL10RA",4.4775355689282,0.51638312047057,1,"CD4conv","CD8",-1
"CD4conv->CD8","neg","LGALS9_HAVCR2",2.68445504986018,0.309591571986462,2,"CD4conv","CD8",-1
"CD4conv->CD8","neg","PVR_TIGIT",0.770279648109315,0.0888344497106639,3,"CD4conv","CD8",-1
"CD4conv->CD8","neg","CD274_PDCD1",0.422523100779466,0.0487285458468461,4,"CD4conv","CD8",-1
"CD4conv->CD8","neg","FASLG_FAS",0.259343608056602,0.0299094579017318,5,"CD4conv","CD8",-1
"CD4conv->CD8","neg","TGFB1_TGFBR1",0.056819512634614,0.00655285408372586,6,"CD4conv","CD8",-1
"CD4conv->CD8","pos","CCL5_CCR5",8.59903812950058,0.937649620039982,1,"CD4conv","CD8",1
"CD4conv->CD8","pos","IFNG_IFNGR1",0.335595071925009,0.0365936965203399,2,"CD4conv","CD8",1
"CD4conv->CD8","pos","CD80_CD28",0.106865436054306,0.0116527376670147,3,"CD4conv","CD8",1
"CD4conv->CD8","pos","CXCL9_CXCR3",0.0635331403425045,0.00692773121888181,4,"CD4conv","CD8",1
"CD4conv->CD8","pos","IL12A_IL12RB1",0.040719617011823,0.00444011677170304,5,"CD4conv","CD8",1
"CD4conv->CD8","pos","CD86_CD28",0.0250923251620715,0.00273609778207862,6,"CD4conv","CD8",1
"CD4conv->Endo","neg","LGALS9_HAVCR2",0.404401447577003,0.90413968683011,1,"CD4conv","Endo",-1
"CD4conv->Endo","neg","TGFB1_TGFBR1",0.0244401681043259,0.0546420544939144,2,"CD4conv","Endo",-1
"CD4conv->Endo","neg","FASLG_FAS",0.0132457292704177,0.0296141113889349,3,"CD4conv","Endo",-1
"CD4conv->Endo","neg","CD274_PDCD1",0.00519027538457953,0.0116041472870401,4,"CD4conv","Endo",-1
"CD4conv->Endo","pos","IFNG_IFNGR1",1.82418516661284,0.988057714877698,1,"CD4conv","Endo",1
"CD4conv->Endo","pos","IL12A_IL12RB1",0.0173536052789833,0.00939946442426088,2,"CD4conv","Endo",1
"CD4conv->Endo","pos","CD80_CD28",0.003469093352135,0.00187901125003249,3,"CD4conv","Endo",1
"CD4conv->Endo","pos","CD86_CD28",0.000814553532211449,0.000441197481710044,4,"CD4conv","Endo",1
"CD4conv->Endo","pos","CXCL9_CXCR3",0.000410993650186463,0.000222611966298631,5,"CD4conv","Endo",1
"CD4conv->Macrophage","neg","IL10_IL10RA",4.97622619179544,0.653992840582404,1,"CD4conv","Macrophage",-1
"CD4conv->Macrophage","neg","LGALS9_HAVCR2",2.34238224995165,0.307843968970182,2,"CD4conv","Macrophage",-1
"CD4conv->Macrophage","neg","TGFB1_TGFBR1",0.168748199032591,0.0221774713959839,3,"CD4conv","Macrophage",-1
"CD4conv->Macrophage","neg","FASLG_FAS",0.106098170882085,0.0139437882205143,4,"CD4conv","Macrophage",-1
"CD4conv->Macrophage","neg","PVR_TIGIT",0.0119290352504973,0.00156775503126106,5,"CD4conv","Macrophage",-1
"CD4conv->Macrophage","neg","CD274_PDCD1",0.00360799979347404,0.000474175799654208,6,"CD4conv","Macrophage",-1
"CD4conv->Macrophage","pos","CCL5_CCR5",6.7959940019161,0.693677712886679,1,"CD4conv","Macrophage",1
"CD4conv->Macrophage","pos","IFNG_IFNGR1",2.92995579975155,0.299065160660483,2,"CD4conv","Macrophage",1
"CD4conv->Macrophage","pos","CD80_CD28",0.0357170756664859,0.00364569764957751,3,"CD4conv","Macrophage",1
"CD4conv->Macrophage","pos","IL12A_IL12RB1",0.0267346735286649,0.0027288498463812,4,"CD4conv","Macrophage",1
"CD4conv->Macrophage","pos","CD86_CD28",0.00838647657794926,0.000856020751361659,5,"CD4conv","Macrophage",1
"CD4conv->Macrophage","pos","CXCL9_CXCR3",0.000260192020078933,2.65582055176669e-05,6,"CD4conv","Macrophage",1
"CD4conv->NK","neg","IL10_IL10RA",3.46825884480071,0.53879967453392,1,"CD4conv","NK",-1
"CD4conv->NK","neg","LGALS9_HAVCR2",2.21844789987674,0.344639503541071,2,"CD4conv","NK",-1
"CD4conv->NK","neg","PVR_TIGIT",0.359703878859759,0.0558805849075441,3,"CD4conv","NK",-1
"CD4conv->NK","neg","TGFB1_TGFBR1",0.225826114877649,0.0350824556764962,4,"CD4conv","NK",-1
"CD4conv->NK","neg","FASLG_FAS",0.148264026867129,0.023033058660213,5,"CD4conv","NK",-1
"CD4conv->NK","neg","CD274_PDCD1",0.0165091453139522,0.00256472268075532,6,"CD4conv","NK",-1
"CD4conv->NK","pos","CCL5_CCR5",1.25078936702652,0.550420766951638,1,"CD4conv","NK",1
"CD4conv->NK","pos","IFNG_IFNGR1",0.931677921142582,0.409992992766091,2,"CD4conv","NK",1
"CD4conv->NK","pos","CXCL9_CXCR3",0.0422213552101326,0.0185798755003375,3,"CD4conv","NK",1
"CD4conv->NK","pos","IL12A_IL12RB1",0.0402516416276068,0.0177130858638488,4,"CD4conv","NK",1
"CD4conv->NK","pos","CD80_CD28",0.0060606639913156,0.00266704803404791,5,"CD4conv","NK",1
"CD4conv->NK","pos","CD86_CD28",0.00142306209737326,0.00062623088403612,6,"CD4conv","NK",1
"CD4conv->Treg","neg","IL10_IL10RA",4.81725087104987,0.632475765453272,1,"CD4conv","Treg",-1
"CD4conv->Treg","neg","LGALS9_HAVCR2",1.22402644314227,0.160707233707497,2,"CD4conv","Treg",-1
"CD4conv->Treg","neg","PVR_TIGIT",0.842585814783184,0.110626397177633,3,"CD4conv","Treg",-1
"CD4conv->Treg","neg","FASLG_FAS",0.47663399658498,0.0625791472980599,4,"CD4conv","Treg",-1
"CD4conv->Treg","neg","CD274_PDCD1",0.18610484481185,0.0244344351846646,5,"CD4conv","Treg",-1
"CD4conv->Treg","neg","TGFB1_TGFBR1",0.0698967702515715,0.00917702117887405,6,"CD4conv","Treg",-1
"CD4conv->Treg","pos","CCL5_CCR5",7.81242091903499,0.918833627016015,1,"CD4conv","Treg",1
"CD4conv->Treg","pos","IFNG_IFNGR1",0.340677612510757,0.040067739512566,2,"CD4conv","Treg",1
"CD4conv->Treg","pos","CD80_CD28",0.183216172467195,0.0215484011960813,3,"CD4conv","Treg",1
"CD4conv->Treg","pos","CXCL9_CXCR3",0.0805869984509014,0.00947798958150888,4,"CD4conv","Treg",1
"CD4conv->Treg","pos","CD86_CD28",0.0430197072527808,0.00505962928238156,5,"CD4conv","Treg",1
"CD4conv->Treg","pos","IL12A_IL12RB1",0.0426199528654669,0.0050126134114476,6,"CD4conv","Treg",1
"CD4conv->Tumor","neg","LGALS9_HAVCR2",0.302091151557952,0.429010992542675,1,"CD4conv","Tumor",-1
"CD4conv->Tumor","neg","TGFB1_TGFBR1",0.170928890253451,0.242742538083852,2,"CD4conv","Tumor",-1
"CD4conv->Tumor","neg","IL10_IL10RA",0.137519891675379,0.195297164176282,3,"CD4conv","Tumor",-1
"CD4conv->Tumor","neg","FASLG_FAS",0.079834744133754,0.113376319179087,4,"CD4conv","Tumor",-1
"CD4conv->Tumor","neg","PVR_TIGIT",0.00812049182204071,0.0115322154870863,5,"CD4conv","Tumor",-1
"CD4conv->Tumor","neg","CD274_PDCD1",0.00566196594341744,0.00804077053101755,6,"CD4conv","Tumor",-1
"CD4conv->Tumor","pos","IFNG_IFNGR1",0.924833900748964,0.874713776288776,1,"CD4conv","Tumor",1
"CD4conv->Tumor","pos","CCL5_CCR5",0.10992149530631,0.103964448293716,2,"CD4conv","Tumor",1
"CD4conv->Tumor","pos","IL12A_IL12RB1",0.0151846163486311,0.0143617065692023,3,"CD4conv","Tumor",1
"CD4conv->Tumor","pos","CD80_CD28",0.00550591475277663,0.00520752913731328,4,"CD4conv","Tumor",1
"CD4conv->Tumor","pos","CD86_CD28",0.00129280531098109,0.00122274347281027,5,"CD4conv","Tumor",1
"CD4conv->Tumor","pos","CXCL9_CXCR3",0.000560152972139832,0.000529796238181814,6,"CD4conv","Tumor",1
"CD8->Bcell","neg","IL10_IL10RA",1.77746642170811,0.637766755434232,1,"CD8","Bcell",-1
"CD8->Bcell","neg","LGALS9_HAVCR2",0.780324980216341,0.279985784675814,2,"CD8","Bcell",-1
"CD8->Bcell","neg","FASLG_FAS",0.164226223346535,0.0589254594864785,3,"CD8","Bcell",-1
"CD8->Bcell","neg","TGFB1_TGFBR1",0.0421408128427871,0.0151204034854724,4,"CD8","Bcell",-1
"CD8->Bcell","neg","PVR_TIGIT",0.0141136459858835,0.00506406990187432,5,"CD8","Bcell",-1
"CD8->Bcell","neg","CD274_PDCD1",0.00874433932288116,0.00313752701612818,6,"CD8","Bcell",-1
"CD8->Bcell","pos","IFNG_IFNGR1",4.17215427841942,0.907062813571127,1,"CD8","Bcell",1
"CD8->Bcell","pos","CCL5_CCR5",0.328874858410649,0.071500269279539,2,"CD8","Bcell",1
"CD8->Bcell","pos","IL12A_IL12RB1",0.0459199815636391,0.00998340542958741,3,"CD8","Bcell",1
"CD8->Bcell","pos","CD80_CD28",0.0245458609327325,0.00533648474945771,4,"CD8","Bcell",1
"CD8->Bcell","pos","CD86_CD28",0.014878448099534,0.00323470468590821,5,"CD8","Bcell",1
"CD8->Bcell","pos","CXCL9_CXCR3",0.0132576190652285,0.00288232228438017,6,"CD8","Bcell",1
"CD8->CAF","neg","FASLG_FAS",2.17091556393898,0.83974101371042,1,"CD8","CAF",-1
"CD8->CAF","neg","LGALS9_HAVCR2",0.26854082016504,0.103875408281129,2,"CD8","CAF",-1
"CD8->CAF","neg","TGFB1_TGFBR1",0.139634255195014,0.0540125157117609,3,"CD8","CAF",-1
"CD8->CAF","neg","PVR_TIGIT",0.00612971851905916,0.00237106229669048,4,"CD8","CAF",-1
"CD8->CAF","pos","IFNG_IFNGR1",5.61026089509027,0.992244821958247,1,"CD8","CAF",1
"CD8->CAF","pos","IL12A_IL12RB1",0.0256303578086821,0.00453304940646486,2,"CD8","CAF",1
"CD8->CAF","pos","CD80_CD28",0.00911985286633959,0.00161296006600437,3,"CD8","CAF",1
"CD8->CAF","pos","CD86_CD28",0.00552798933877585,0.000977694068031836,4,"CD8","CAF",1
"CD8->CAF","pos","CXCL9_CXCR3",0.0035704259898539,0.000631474501251457,5,"CD8","CAF",1
"CD8->CD4conv","neg","IL10_IL10RA",2.99597494028365,0.504475297682645,1,"CD8","CD4conv",-1
"CD8->CD4conv","neg","FASLG_FAS",1.23364325663577,0.207726219855029,2,"CD8","CD4conv",-1
"CD8->CD4conv","neg","LGALS9_HAVCR2",1.00455902822755,0.169152020596308,3,"CD8","CD4conv",-1
"CD8->CD4conv","neg","PVR_TIGIT",0.401931688122356,0.0676790066856889,4,"CD8","CD4conv",-1
"CD8->CD4conv","neg","CD274_PDCD1",0.251410394999451,0.0423335763435496,5,"CD8","CD4conv",-1
"CD8->CD4conv","neg","TGFB1_TGFBR1",0.0512748290179109,0.0086338788367797,6,"CD8","CD4conv",-1
"CD8->CD4conv","pos","CCL5_CCR5",6.74919919490516,0.72979645267436,1,"CD8","CD4conv",1
"CD8->CD4conv","pos","IFNG_IFNGR1",1.64757469386555,0.178153604950168,2,"CD8","CD4conv",1
"CD8->CD4conv","pos","CD80_CD28",0.463298223589672,0.0500968174655907,3,"CD8","CD4conv",1
"CD8->CD4conv","pos","CD86_CD28",0.280827736830084,0.0303661338527206,4,"CD8","CD4conv",1
"CD8->CD4conv","pos","IL12A_IL12RB1",0.0564977824152488,0.00610915161931234,5,"CD8","CD4conv",1
"CD8->CD4conv","pos","CXCL9_CXCR3",0.0506593713743935,0.00547783943784829,6,"CD8","CD4conv",1
"CD8->CD8","neg","IL10_IL10RA",4.49646565993605,0.446334458771408,1,"CD8","CD8",-1
"CD8->CD8","neg","LGALS9_HAVCR2",2.8005210903434,0.277989238586582,2,"CD8","CD8",-1
"CD8->CD8","neg","FASLG_FAS",1.34420241278978,0.133430098607776,3,"CD8","CD8",-1
"CD8->CD8","neg","PVR_TIGIT",0.875352419078918,0.0868904552491096,4,"CD8","CD8",-1
"CD8->CD8","neg","CD274_PDCD1",0.505130441565431,0.0501409638805682,5,"CD8","CD8",-1
"CD8->CD8","neg","TGFB1_TGFBR1",0.0525348217832751,0.00521478490455634,6,"CD8","CD8",-1
"CD8->CD8","pos","CCL5_CCR5",13.3617621551465,0.874048752004878,1,"CD8","CD8",1
"CD8->CD8","pos","IFNG_IFNGR1",1.29353995834337,0.0846158592804309,2,"CD8","CD8",1
"CD8->CD8","pos","CD80_CD28",0.302985048124582,0.0198195193204683,3,"CD8","CD8",1
"CD8->CD8","pos","CD86_CD28",0.183654072098362,0.0120135810422549,4,"CD8","CD8",1
"CD8->CD8","pos","CXCL9_CXCR3",0.0891421984123744,0.0058311640611936,5,"CD8","CD8",1
"CD8->CD8","pos","IL12A_IL12RB1",0.056121228367174,0.00367112429077446,6,"CD8","CD8",1
"CD8->Endo","neg","LGALS9_HAVCR2",0.421886290464721,0.812347182022507,1,"CD8","Endo",-1
"CD8->Endo","neg","FASLG_FAS",0.0686538657261594,0.132193853220885,2,"CD8","Endo",-1
"CD8->Endo","neg","TGFB1_TGFBR1",0.0225971645334365,0.0435111150689811,3,"CD8","Endo",-1
"CD8->Endo","neg","CD274_PDCD1",0.00620502427446508,0.0119478496876268,4,"CD8","Endo",-1
"CD8->Endo","pos","IFNG_IFNGR1",7.03126059299897,0.99430232288329,1,"CD8","Endo",1
"CD8->Endo","pos","IL12A_IL12RB1",0.0239173576846964,0.00338219356096729,2,"CD8","Endo",1
"CD8->Endo","pos","CD80_CD28",0.00983557879005105,0.00139086565040512,3,"CD8","Endo",1
"CD8->Endo","pos","CD86_CD28",0.00596182586374498,0.000843071768787759,4,"CD8","Endo",1
"CD8->Endo","pos","CXCL9_CXCR3",0.000576657746077713,8.15461365497702e-05,5,"CD8","Endo",1
"CD8->Macrophage","neg","IL10_IL10RA",4.99726464324629,0.612054909542589,1,"CD8","Macrophage",-1
"CD8->Macrophage","neg","LGALS9_HAVCR2",2.44365831082823,0.299294348640974,2,"CD8","Macrophage",-1
"CD8->Macrophage","neg","FASLG_FAS",0.54991683952031,0.0673527070301211,3,"CD8","Macrophage",-1
"CD8->Macrophage","neg","TGFB1_TGFBR1",0.156023101068016,0.0191093952047943,4,"CD8","Macrophage",-1
"CD8->Macrophage","neg","PVR_TIGIT",0.0135562582880531,0.00166034321425098,5,"CD8","Macrophage",-1
"CD8->Macrophage","neg","CD274_PDCD1",0.004313398546691,0.000528296367270454,6,"CD8","Macrophage",-1
"CD8->Macrophage","pos","IFNG_IFNGR1",11.2934164420789,0.512095365722992,1,"CD8","Macrophage",1
"CD8->Macrophage","pos","CCL5_CCR5",10.5600712653985,0.478842127574961,2,"CD8","Macrophage",1
"CD8->Macrophage","pos","CD80_CD28",0.101265107683463,0.00459182503541818,3,"CD8","Macrophage",1
"CD8->Macrophage","pos","CD86_CD28",0.0613817398009027,0.00278332997399594,4,"CD8","Macrophage",1
"CD8->Macrophage","pos","IL12A_IL12RB1",0.0368466805075404,0.00167079771006069,5,"CD8","Macrophage",1
"CD8->Macrophage","pos","CXCL9_CXCR3",0.000365070710406481,1.65539825719865e-05,6,"CD8","Macrophage",1
"CD8->NK","neg","IL10_IL10RA",3.482921923309,0.483533779513474,1,"CD8","NK",-1
"CD8->NK","neg","LGALS9_HAVCR2",2.3143654917062,0.321303181070756,2,"CD8","NK",-1
"CD8->NK","neg","FASLG_FAS",0.768466453205303,0.106686137883519,3,"CD8","NK",-1
"CD8->NK","neg","PVR_TIGIT",0.408770582586229,0.05674958816305,4,"CD8","NK",-1
"CD8->NK","neg","TGFB1_TGFBR1",0.208796840187598,0.0289872490711653,5,"CD8","NK",-1
"CD8->NK","neg","CD274_PDCD1",0.0197368424280716,0.00274006429803642,6,"CD8","NK",-1
"CD8->NK","pos","IFNG_IFNGR1",3.59112132484924,0.632574134372829,1,"CD8","NK",1
"CD8->NK","pos","CCL5_CCR5",1.94356040486185,0.342357144048427,2,"CD8","NK",1
"CD8->NK","pos","CXCL9_CXCR3",0.0592400187223708,0.010435098169541,3,"CD8","NK",1
"CD8->NK","pos","IL12A_IL12RB1",0.0554762480030369,0.00977211193505045,4,"CD8","NK",1
"CD8->NK","pos","CD80_CD28",0.0171832038391021,0.00302681232712966,5,"CD8","NK",1
"CD8->NK","pos","CD86_CD28",0.0104155811525383,0.00183469914702296,6,"CD8","NK",1
"CD8->Treg","neg","IL10_IL10RA",4.83761720784224,0.492145770960997,1,"CD8","Treg",-1
"CD8->Treg","neg","FASLG_FAS",2.47043901728758,0.251325407228205,2,"CD8","Treg",-1
"CD8->Treg","neg","LGALS9_HAVCR2",1.27694887993617,0.129907961707925,3,"CD8","Treg",-1
"CD8->Treg","neg","PVR_TIGIT",0.95752176896068,0.0974116530826717,4,"CD8","Treg",-1
"CD8->Treg","neg","CD274_PDCD1",0.222490136666734,0.0226346102092496,5,"CD8","Treg",-1
"CD8->Treg","neg","TGFB1_TGFBR1",0.0646259391911058,0.00657459681095183,6,"CD8","Treg",-1
"CD8->Treg","pos","CCL5_CCR5",12.1394635776664,0.839594260244972,1,"CD8","Treg",1
"CD8->Treg","pos","IFNG_IFNGR1",1.31313044070611,0.0908192338084955,2,"CD8","Treg",1
"CD8->Treg","pos","CD80_CD28",0.519454773047155,0.0359267312856903,3,"CD8","Treg",1
"CD8->Treg","pos","CD86_CD28",0.31486697093321,0.0217769508384704,4,"CD8","Treg",1
"CD8->Treg","pos","CXCL9_CXCR3",0.113070157820642,0.0078202018486103,5,"CD8","Treg",1
"CD8->Treg","pos","IL12A_IL12RB1",0.0587403390131734,0.00406262197376144,6,"CD8","Treg",1
"CD8->Tumor","neg","FASLG_FAS",0.41379101838371,0.397462745279221,1,"CD8","Tumor",-1
"CD8->Tumor","neg","LGALS9_HAVCR2",0.315152470587367,0.302716493534493,2,"CD8","Tumor",-1
"CD8->Tumor","neg","TGFB1_TGFBR1",0.158039348996592,0.151803085914441,3,"CD8","Tumor",-1
"CD8->Tumor","neg","IL10_IL10RA",0.13810129723313,0.132651793505101,4,"CD8","Tumor",-1
"CD8->Tumor","neg","PVR_TIGIT",0.00922819676981148,0.00886405035187323,5,"CD8","Tumor",-1
"CD8->Tumor","neg","CD274_PDCD1",0.00676893488628368,0.00650183141487083,6,"CD8","Tumor",-1
"CD8->Tumor","pos","IFNG_IFNGR1",3.56474127759742,0.942472011669759,1,"CD8","Tumor",1
"CD8->Tumor","pos","CCL5_CCR5",0.170803391484237,0.0451582326559931,2,"CD8","Tumor",1
"CD8->Tumor","pos","IL12A_IL12RB1",0.0209279797872858,0.00553309025097075,3,"CD8","Tumor",1
"CD8->Tumor","pos","CD80_CD28",0.0156103779475726,0.00412718432039755,4,"CD8","Tumor",1
"CD8->Tumor","pos","CD86_CD28",0.00946221437266223,0.00250168848737993,5,"CD8","Tumor",1
"CD8->Tumor","pos","CXCL9_CXCR3",0.000785940488925653,0.000207792615499353,6,"CD8","Tumor",1
"Endo->Bcell","neg","LGALS9_HAVCR2",2.93601969306352,0.729633783715622,1,"Endo","Bcell",-1
"Endo->Bcell","neg","IL10_IL10RA",0.930167693674861,0.231157091837442,2,"Endo","Bcell",-1
"Endo->Bcell","neg","PVR_TIGIT",0.0958383200098545,0.0238168961260526,3,"Endo","Bcell",-1
"Endo->Bcell","neg","TGFB1_TGFBR1",0.0504860640451181,0.0125463524720819,4,"Endo","Bcell",-1
"Endo->Bcell","neg","CD274_PDCD1",0.0114517004592962,0.00284587584880121,5,"Endo","Bcell",-1
"Endo->Bcell","pos","IL12A_IL12RB1",0.15252574614826,0.480109893553289,1,"Endo","Bcell",1
"Endo->Bcell","pos","CCL5_CCR5",0.126016679616589,0.396666504931238,2,"Endo","Bcell",1
"Endo->Bcell","pos","CXCL9_CXCR3",0.038874558358619,0.122366620369427,3,"Endo","Bcell",1
"Endo->Bcell","pos","CD86_CD28",0.000272253687105595,0.000856981146046659,4,"Endo","Bcell",1
"Endo->CAF","neg","LGALS9_HAVCR2",1.01040099495135,0.828665491077255,1,"Endo","CAF",-1
"Endo->CAF","neg","TGFB1_TGFBR1",0.16728637810019,0.13719745858485,2,"Endo","CAF",-1
"Endo->CAF","neg","PVR_TIGIT",0.0416236828943779,0.0341370503378952,3,"Endo","CAF",-1
"Endo->CAF","pos","IL12A_IL12RB1",0.0851326441278802,0.889548989902724,1,"Endo","CAF",1
"Endo->CAF","pos","CXCL9_CXCR3",0.010469355985023,0.109394053677223,2,"Endo","CAF",1
"Endo->CAF","pos","CD86_CD28",0.000101154063225806,0.00105695642005325,3,"Endo","CAF",1
"Endo->CD4conv","neg","LGALS9_HAVCR2",3.77971379168604,0.446377607451522,1,"Endo","CD4conv",-1
"Endo->CD4conv","neg","PVR_TIGIT",2.72930593461815,0.322326271311309,2,"Endo","CD4conv",-1
"Endo->CD4conv","neg","IL10_IL10RA",1.56782657971862,0.185157584971935,3,"Endo","CD4conv",-1
"Endo->CD4conv","neg","CD274_PDCD1",0.32925032178857,0.0388838888319811,4,"Endo","CD4conv",-1
"Endo->CD4conv","neg","TGFB1_TGFBR1",0.0614289124264912,0.00725464743325304,5,"Endo","CD4conv",-1
"Endo->CD4conv","pos","CCL5_CCR5",2.58612554551347,0.883399397771023,1,"Endo","CD4conv",1
"Endo->CD4conv","pos","IL12A_IL12RB1",0.187660493867257,0.0641032944264245,2,"Endo","CD4conv",1
"Endo->CD4conv","pos","CXCL9_CXCR3",0.148545578147585,0.050741958179401,3,"Endo","CD4conv",1
"Endo->CD4conv","pos","CD86_CD28",0.00513873397830412,0.00175534962315143,4,"Endo","CD4conv",1
"Endo->CD8","neg","LGALS9_HAVCR2",10.5371291199832,0.538743866093608,1,"Endo","CD8",-1
"Endo->CD8","neg","PVR_TIGIT",5.9440562236714,0.303908568809832,2,"Endo","CD8",-1
"Endo->CD8","neg","IL10_IL10RA",2.35304984753054,0.120307073922579,3,"Endo","CD8",-1
"Endo->CD8","neg","CD274_PDCD1",0.661525393295626,0.0338225662649703,4,"Endo","CD8",-1
"Endo->CD8","neg","TGFB1_TGFBR1",0.0629384247295851,0.00321792490901092,5,"Endo","CD8",-1
"Endo->CD8","pos","CCL5_CCR5",5.11989547864946,0.919017649231128,1,"Endo","CD8",1
"Endo->CD8","pos","CXCL9_CXCR3",0.261386571551618,0.0469187063543957,2,"Endo","CD8",1
"Endo->CD8","pos","IL12A_IL12RB1",0.186409748871461,0.0334604192441063,3,"Endo","CD8",1
"Endo->CD8","pos","CD86_CD28",0.00336059903198517,0.000603225170369708,4,"Endo","CD8",1
"Endo->Endo","neg","LGALS9_HAVCR2",1.58737255431003,0.978307068777373,1,"Endo","Endo",-1
"Endo->Endo","neg","TGFB1_TGFBR1",0.0270721378851717,0.0166847182711252,2,"Endo","Endo",-1
"Endo->Endo","neg","CD274_PDCD1",0.00812618045915713,0.00500821295150179,3,"Endo","Endo",-1
"Endo->Endo","pos","IL12A_IL12RB1",0.0794428199344433,0.977844278141646,1,"Endo","Endo",1
"Endo->Endo","pos","CXCL9_CXCR3",0.00169090053746098,0.0208129245264365,2,"Endo","Endo",1
"Endo->Endo","pos","CD86_CD28",0.000109092632674298,0.00134279733191747,3,"Endo","Endo",1
"Endo->Macrophage","neg","LGALS9_HAVCR2",9.19441143832263,0.760235768447514,1,"Endo","Macrophage",-1
"Endo->Macrophage","neg","IL10_IL10RA",2.61512345387903,0.216230304884805,2,"Endo","Macrophage",-1
"Endo->Macrophage","neg","TGFB1_TGFBR1",0.186920748359177,0.0154554578855727,3,"Endo","Macrophage",-1
"Endo->Macrophage","neg","PVR_TIGIT",0.0920533943706782,0.00761139345101591,4,"Endo","Macrophage",-1
"Endo->Macrophage","neg","CD274_PDCD1",0.00564888281370968,0.000467075331091991,5,"Endo","Macrophage",-1
"Endo->Macrophage","pos","CCL5_CCR5",4.04635709707685,0.970130959157216,1,"Endo","Macrophage",1
"Endo->Macrophage","pos","IL12A_IL12RB1",0.122388277306045,0.0293430989910127,2,"Endo","Macrophage",1
"Endo->Macrophage","pos","CD86_CD28",0.00112319543476281,0.000269290781388185,3,"Endo","Macrophage",1
"Endo->Macrophage","pos","CXCL9_CXCR3",0.00107047597060179,0.000256651070382517,4,"Endo","Macrophage",1
"Endo->NK","neg","LGALS9_HAVCR2",8.7079394263556,0.641122699181159,1,"Endo","NK",-1
"Endo->NK","neg","PVR_TIGIT",2.77574525701563,0.204364454583941,2,"Endo","NK",-1
"Endo->NK","neg","IL10_IL10RA",1.82265128223387,0.134192838571551,3,"Endo","NK",-1
"Endo->NK","neg","TGFB1_TGFBR1",0.250145403826344,0.0184169742848137,4,"Endo","NK",-1
"Endo->NK","neg","CD274_PDCD1",0.0258476254354839,0.00190303337853562,5,"Endo","NK",-1
"Endo->NK","pos","CCL5_CCR5",0.744724087571157,0.675248934593509,1,"Endo","NK",1
"Endo->NK","pos","IL12A_IL12RB1",0.184267411092979,0.167077143196271,2,"Endo","NK",1
"Endo->NK","pos","CXCL9_CXCR3",0.173706119753321,0.157501112497043,3,"Endo","NK",1
"Endo->NK","pos","CD86_CD28",0.000190589794927261,0.000172809713176804,4,"Endo","NK",1
"Endo->Treg","neg","PVR_TIGIT",6.50202490567225,0.457663467331532,1,"Endo","Treg",-1
"Endo->Treg","neg","LGALS9_HAVCR2",4.80459699943037,0.338185189043448,2,"Endo","Treg",-1
"Endo->Treg","neg","IL10_IL10RA",2.53157819812777,0.178192312823243,3,"Endo","Treg",-1
"Endo->Treg","neg","CD274_PDCD1",0.291375975494032,0.0205093245836958,4,"Endo","Treg",-1
"Endo->Treg","neg","TGFB1_TGFBR1",0.0774239765414617,0.00544970621808115,5,"Endo","Treg",-1
"Endo->Treg","pos","CCL5_CCR5",4.65154101404093,0.897294747167508,1,"Endo","Treg",1
"Endo->Treg","pos","CXCL9_CXCR3",0.33154915880373,0.063956722669838,2,"Endo","Treg",1
"Endo->Treg","pos","IL12A_IL12RB1",0.195109269035081,0.0376371017046631,3,"Endo","Treg",1
"Endo->Treg","pos","CD86_CD28",0.00576160182909274,0.00111142845799062,4,"Endo","Treg",1
"Endo->Tumor","neg","LGALS9_HAVCR2",1.18578013445833,0.780675852093953,1,"Endo","Tumor",-1
"Endo->Tumor","neg","TGFB1_TGFBR1",0.189336278938349,0.124652333596409,2,"Endo","Tumor",-1
"Endo->Tumor","neg","IL10_IL10RA",0.072269925086631,0.0475799717909294,3,"Endo","Tumor",-1
"Endo->Tumor","neg","PVR_TIGIT",0.0626638131651944,0.0412556462337273,4,"Endo","Tumor",-1
"Endo->Tumor","neg","CD274_PDCD1",0.00886468512759643,0.00583619628498181,5,"Endo","Tumor",-1
"Endo->Tumor","pos","IL12A_IL12RB1",0.0695134367161644,0.50577750116953,1,"Endo","Tumor",1
"Endo->Tumor","pos","CCL5_CCR5",0.065447618483563,0.476194740151811,2,"Endo","Tumor",1
"Endo->Tumor","pos","CXCL9_CXCR3",0.00230456835822619,0.0167679643038993,3,"Endo","Tumor",1
"Endo->Tumor","pos","CD86_CD28",0.000173144586982934,0.00125979437475999,4,"Endo","Tumor",1
"Macrophage->Bcell","neg","LGALS9_HAVCR2",3.81278203767585,0.64597526509347,1,"Macrophage","Bcell",-1
"Macrophage->Bcell","neg","IL10_IL10RA",1.98172116661656,0.335750337495507,2,"Macrophage","Bcell",-1
"Macrophage->Bcell","neg","TGFB1_TGFBR1",0.0628442549151527,0.0106473000101425,3,"Macrophage","Bcell",-1
"Macrophage->Bcell","neg","CD274_PDCD1",0.0257300954440307,0.004359285440683,4,"Macrophage","Bcell",-1
"Macrophage->Bcell","neg","PVR_TIGIT",0.0192878201652866,0.00326781196019825,5,"Macrophage","Bcell",-1
"Macrophage->Bcell","pos","CXCL9_CXCR3",0.426923778897059,0.450928897331297,1,"Macrophage","Bcell",1
"Macrophage->Bcell","pos","CD86_CD28",0.294107583618993,0.31064469803183,2,"Macrophage","Bcell",1
"Macrophage->Bcell","pos","CCL5_CCR5",0.127258223784592,0.134413713557431,3,"Macrophage","Bcell",1
"Macrophage->Bcell","pos","IL12A_IL12RB1",0.044299561687852,0.0467904424433091,4,"Macrophage","Bcell",1
"Macrophage->Bcell","pos","CD80_CD28",0.0362885954914788,0.0383290347353072,5,"Macrophage","Bcell",1
"Macrophage->Bcell","pos","IFNG_IFNGR1",0.0178874370699842,0.0188932139008257,6,"Macrophage","Bcell",1
"Macrophage->CAF","neg","LGALS9_HAVCR2",1.31212974269277,0.858306799010014,1,"Macrophage","CAF",-1
"Macrophage->CAF","neg","TGFB1_TGFBR1",0.208235440571596,0.136213583628289,2,"Macrophage","CAF",-1
"Macrophage->CAF","neg","PVR_TIGIT",0.00837692178036014,0.0054796173616969,3,"Macrophage","CAF",-1
"Macrophage->CAF","pos","CXCL9_CXCR3",0.114975377430972,0.401294945822063,1,"Macrophage","CAF",1
"Macrophage->CAF","pos","CD86_CD28",0.109273734452845,0.38139468055546,2,"Macrophage","CAF",1
"Macrophage->CAF","pos","IL12A_IL12RB1",0.0247259162169718,0.0863000881614648,3,"Macrophage","CAF",1
"Macrophage->CAF","pos","IFNG_IFNGR1",0.0240530867293667,0.0839517325499507,4,"Macrophage","CAF",1
"Macrophage->CAF","pos","CD80_CD28",0.0134827885041537,0.0470585529110618,5,"Macrophage","CAF",1
"Macrophage->CD4conv","neg","LGALS9_HAVCR2",4.90842240824999,0.510539073831648,1,"Macrophage","CD4conv",-1
"Macrophage->CD4conv","neg","IL10_IL10RA",3.340252665987,0.347429247244574,2,"Macrophage","CD4conv",-1
"Macrophage->CD4conv","neg","CD274_PDCD1",0.739771550496731,0.0769457578880745,3,"Macrophage","CD4conv",-1
"Macrophage->CD4conv","neg","PVR_TIGIT",0.549283022047458,0.0571325004295097,4,"Macrophage","CD4conv",-1
"Macrophage->CD4conv","neg","TGFB1_TGFBR1",0.0764657396988012,0.00795342060619359,5,"Macrophage","CD4conv",-1
"Macrophage->CD4conv","pos","CD86_CD28",5.55122191103204,0.526647679016207,1,"Macrophage","CD4conv",1
"Macrophage->CD4conv","pos","CCL5_CCR5",2.61160462573145,0.24776446279622,2,"Macrophage","CD4conv",1
"Macrophage->CD4conv","pos","CXCL9_CXCR3",1.63134045089814,0.154766225512147,3,"Macrophage","CD4conv",1
"Macrophage->CD4conv","pos","CD80_CD28",0.684939993501979,0.0649806589656096,4,"Macrophage","CD4conv",1
"Macrophage->CD4conv","pos","IL12A_IL12RB1",0.0545040941243098,0.0051708353813786,5,"Macrophage","CD4conv",1
"Macrophage->CD4conv","pos","IFNG_IFNGR1",0.00706371018134624,0.000670138328438312,6,"Macrophage","CD4conv",1
"Macrophage->CD8","neg","LGALS9_HAVCR2",13.6837558454598,0.637703265323651,1,"Macrophage","CD8",-1
"Macrophage->CD8","neg","IL10_IL10RA",5.01316990545267,0.233628460960164,2,"Macrophage","CD8",-1
"Macrophage->CD8","neg","CD274_PDCD1",1.48633921823627,0.0692677787847524,3,"Macrophage","CD8",-1
"Macrophage->CD8","neg","PVR_TIGIT",1.19626353511558,0.0557493988599579,4,"Macrophage","CD8",-1
"Macrophage->CD8","neg","TGFB1_TGFBR1",0.0783447567655389,0.00365109607147427,5,"Macrophage","CD8",-1
"Macrophage->CD8","pos","CCL5_CCR5",5.17033782002555,0.424533005644357,1,"Macrophage","CD8",1
"Macrophage->CD8","pos","CD86_CD28",3.63035546485047,0.298086076906048,2,"Macrophage","CD8",1
"Macrophage->CD8","pos","CXCL9_CXCR3",2.87057004867612,0.235700600830589,3,"Macrophage","CD8",1
"Macrophage->CD8","pos","CD80_CD28",0.447933029584521,0.0367794836616613,4,"Macrophage","CD8",1
"Macrophage->CD8","pos","IL12A_IL12RB1",0.0541408278791267,0.00444546743127239,5,"Macrophage","CD8",1
"Macrophage->CD8","pos","IFNG_IFNGR1",0.00554584347996421,0.000455365526071318,6,"Macrophage","CD8",1
"Macrophage->Endo","neg","LGALS9_HAVCR2",2.06139814949871,0.975414845866491,1,"Macrophage","Endo",-1
"Macrophage->Endo","neg","TGFB1_TGFBR1",0.0336989695380781,0.0159457187762769,2,"Macrophage","Endo",-1
"Macrophage->Endo","neg","CD274_PDCD1",0.0182581966366224,0.00863943535723169,3,"Macrophage","Endo",-1
"Macrophage->Endo","pos","CD86_CD28",0.117849535584169,0.577187836390532,1,"Macrophage","Endo",1
"Macrophage->Endo","pos","IFNG_IFNGR1",0.0301453932397669,0.147642111739812,2,"Macrophage","Endo",1
"Macrophage->Endo","pos","IL12A_IL12RB1",0.0230733642759691,0.113005665560605,3,"Macrophage","Endo",1
"Macrophage->Endo","pos","CXCL9_CXCR3",0.0185696166766061,0.0909478074651964,4,"Macrophage","Endo",1
"Macrophage->Endo","pos","CD80_CD28",0.0145409175548929,0.0712165788438555,5,"Macrophage","Endo",1
"Macrophage->Macrophage","neg","LGALS9_HAVCR2",11.9400720852997,0.671715734385778,1,"Macrophage","Macrophage",-1
"Macrophage->Macrophage","neg","IL10_IL10RA",5.571517412514,0.313438301180579,2,"Macrophage","Macrophage",-1
"Macrophage->Macrophage","neg","TGFB1_TGFBR1",0.232675994474779,0.0130897138129501,3,"Macrophage","Macrophage",-1
"Macrophage->Macrophage","neg","PVR_TIGIT",0.0185260897315738,0.00104222703853371,4,"Macrophage","Macrophage",-1
"Macrophage->Macrophage","neg","CD274_PDCD1",0.0126921145436445,0.000714023582159854,5,"Macrophage","Macrophage",-1
"Macrophage->Macrophage","pos","CCL5_CCR5",4.08622270114464,0.736919048314929,1,"Macrophage","Macrophage",1
"Macrophage->Macrophage","pos","CD86_CD28",1.21335471619104,0.218819253897606,2,"Macrophage","Macrophage",1
"Macrophage->Macrophage","pos","CD80_CD28",0.1497103132865,0.0269991113208571,3,"Macrophage","Macrophage",1
"Macrophage->Macrophage","pos","IFNG_IFNGR1",0.0484186974958513,0.00873194220894917,4,"Macrophage","Macrophage",1
"Macrophage->Macrophage","pos","IL12A_IL12RB1",0.0355464384033825,0.00641052861653089,5,"Macrophage","Macrophage",1
"Macrophage->Macrophage","pos","CXCL9_CXCR3",0.0117560601556387,0.00212011564112733,6,"Macrophage","Macrophage",1
"Macrophage->NK","neg","LGALS9_HAVCR2",11.3083284517532,0.701528079879282,1,"Macrophage","NK",-1
"Macrophage->NK","neg","IL10_IL10RA",3.88315639204111,0.240897075036516,2,"Macrophage","NK",-1
"Macrophage->NK","neg","PVR_TIGIT",0.558629109279665,0.034655343455016,3,"Macrophage","NK",-1
"Macrophage->NK","neg","TGFB1_TGFBR1",0.31137704674042,0.0193167135753315,4,"Macrophage","NK",-1
"Macrophage->NK","neg","CD274_PDCD1",0.0580753811908057,0.00360278805385484,5,"Macrophage","NK",-1
"Macrophage->NK","pos","CXCL9_CXCR3",1.90765570578349,0.644494807864992,1,"Macrophage","NK",1
"Macrophage->NK","pos","CCL5_CCR5",0.752061273811171,0.254081270901324,2,"Macrophage","NK",1
"Macrophage->NK","pos","CD86_CD28",0.205888502904849,0.0695587105781088,3,"Macrophage","NK",1
"Macrophage->NK","pos","IL12A_IL12RB1",0.0535186075198056,0.0180810743605921,4,"Macrophage","NK",1
"Macrophage->NK","pos","CD80_CD28",0.0254036448374592,0.00858253255498452,5,"Macrophage","NK",1
"Macrophage->NK","pos","IFNG_IFNGR1",0.0153963522013511,0.00520160373999779,6,"Macrophage","NK",1
"Macrophage->Treg","neg","LGALS9_HAVCR2",6.23935908229043,0.455677445180877,1,"Macrophage","Treg",-1
"Macrophage->Treg","neg","IL10_IL10RA",5.39352434436241,0.393903822707655,2,"Macrophage","Treg",-1
"Macrophage->Treg","neg","PVR_TIGIT",1.30855681816966,0.0955674805558198,3,"Macrophage","Treg",-1
"Macrophage->Treg","neg","CD274_PDCD1",0.654674097196891,0.0478126384621007,4,"Macrophage","Treg",-1
"Macrophage->Treg","neg","TGFB1_TGFBR1",0.0963761428097883,0.00703861309354714,5,"Macrophage","Treg",-1
"Macrophage->Treg","pos","CD86_CD28",6.22408757708396,0.404350119468802,1,"Macrophage","Treg",1
"Macrophage->Treg","pos","CCL5_CCR5",4.69736902375979,0.305166291833606,2,"Macrophage","Treg",1
"Macrophage->Treg","pos","CXCL9_CXCR3",3.64110168045798,0.236545498638536,3,"Macrophage","Treg",1
"Macrophage->Treg","pos","CD80_CD28",0.767961824068219,0.04989091998846,4,"Macrophage","Treg",1
"Macrophage->Treg","pos","IL12A_IL12RB1",0.0566675156015284,0.00368142581859579,5,"Macrophage","Treg",1
"Macrophage->Treg","pos","IFNG_IFNGR1",0.00562983450643382,0.000365744252000488,6,"Macrophage","Treg",1
"Macrophage->Tumor","neg","LGALS9_HAVCR2",1.53988108730229,0.784827261748168,1,"Macrophage","Tumor",-1
"Macrophage->Tumor","neg","TGFB1_TGFBR1",0.235682808777775,0.120119855344303,2,"Macrophage","Tumor",-1
"Macrophage->Tumor","neg","IL10_IL10RA",0.153970989562267,0.0784740010921947,3,"Macrophage","Tumor",-1
"Macrophage->Tumor","neg","CD274_PDCD1",0.0199174956789214,0.0101512991642453,4,"Macrophage","Tumor",-1
"Macrophage->Tumor","neg","PVR_TIGIT",0.0126113266496857,0.00642758265108917,5,"Macrophage","Tumor",-1
"Macrophage->Tumor","pos","CD86_CD28",0.1870429621565,0.555031101032783,1,"Macrophage","Tumor",1
"Macrophage->Tumor","pos","CCL5_CCR5",0.0660924228799743,0.196122590329292,2,"Macrophage","Tumor",1
"Macrophage->Tumor","pos","CXCL9_CXCR3",0.0253089700246686,0.0751018126362012,3,"Macrophage","Tumor",1
"Macrophage->Tumor","pos","CD80_CD28",0.0230783793797654,0.0684827601611972,4,"Macrophage","Tumor",1
"Macrophage->Tumor","pos","IL12A_IL12RB1",0.0201894752571742,0.0599102289231689,5,"Macrophage","Tumor",1
"Macrophage->Tumor","pos","IFNG_IFNGR1",0.0152832520129039,0.0453515069173576,6,"Macrophage","Tumor",1
"NK->Bcell","neg","IL10_IL10RA",1.49767021838055,0.500507362237498,1,"NK","Bcell",-1
"NK->Bcell","neg","LGALS9_HAVCR2",1.13701113066209,0.379978472468869,2,"NK","Bcell",-1
"NK->Bcell","neg","FASLG_FAS",0.259443140326616,0.0867034679743446,3,"NK","Bcell",-1
"NK->Bcell","neg","TGFB1_TGFBR1",0.0703593776388614,0.0235134451353232,4,"NK","Bcell",-1
"NK->Bcell","neg","PVR_TIGIT",0.0251201079273131,0.00839490483520189,5,"NK","Bcell",-1
"NK->Bcell","neg","CD274_PDCD1",0.00270009764658778,0.000902347348763223,6,"NK","Bcell",-1
"NK->Bcell","pos","IFNG_IFNGR1",1.02451238373162,0.755213239529054,1,"NK","Bcell",1
"NK->Bcell","pos","CCL5_CCR5",0.314659970559628,0.231949734810335,2,"NK","Bcell",1
"NK->Bcell","pos","CD80_CD28",0.0078158176765625,0.00576138373807246,3,"NK","Bcell",1
"NK->Bcell","pos","CD86_CD28",0.00612528622102865,0.00451521848196373,4,"NK","Bcell",1
"NK->Bcell","pos","CXCL9_CXCR3",0.00347343688532475,0.002560423440575,5,"NK","Bcell",1
"NK->CAF","neg","FASLG_FAS",3.42959327575707,0.843702737350968,1,"NK","CAF",-1
"NK->CAF","neg","LGALS9_HAVCR2",0.391290692091036,0.0962601105941014,2,"NK","CAF",-1
"NK->CAF","neg","TGFB1_TGFBR1",0.233136919528326,0.0573532315257414,3,"NK","CAF",-1
"NK->CAF","neg","PVR_TIGIT",0.0109099513277311,0.00268392052918889,4,"NK","CAF",-1
"NK->CAF","pos","IFNG_IFNGR1",1.37765321688025,0.995580791545351,1,"NK","CAF",1
"NK->CAF","pos","CD80_CD28",0.00290391554957983,0.00209855608509267,2,"NK","CAF",1
"NK->CAF","pos","CD86_CD28",0.00227580972829132,0.00164464643419464,3,"NK","CAF",1
"NK->CAF","pos","CXCL9_CXCR3",0.000935435636554622,0.000676005935361404,4,"NK","CAF",1
"NK->CD4conv","neg","IL10_IL10RA",2.52436973676576,0.370379621202958,1,"NK","CD4conv",-1
"NK->CD4conv","neg","FASLG_FAS",1.94889874480628,0.285945584100167,2,"NK","CD4conv",-1
"NK->CD4conv","neg","LGALS9_HAVCR2",1.46374244764681,0.214762665469406,3,"NK","CD4conv",-1
"NK->CD4conv","neg","PVR_TIGIT",0.715376267418027,0.104961165983294,4,"NK","CD4conv",-1
"NK->CD4conv","neg","TGFB1_TGFBR1",0.085609764379681,0.0125608034514173,5,"NK","CD4conv",-1
"NK->CD4conv","neg","CD274_PDCD1",0.0776310926189051,0.011390159792757,6,"NK","CD4conv",-1
"NK->CD4conv","pos","CCL5_CCR5",6.4574799978117,0.904603338788682,1,"NK","CD4conv",1
"NK->CD4conv","pos","IFNG_IFNGR1",0.404577722765216,0.0566757247311582,2,"NK","CD4conv",1
"NK->CD4conv","pos","CD80_CD28",0.147521997919551,0.0206657847810641,3,"NK","CD4conv",1
"NK->CD4conv","pos","CD86_CD28",0.115613554275317,0.0161958546123441,4,"NK","CD4conv",1
"NK->CD4conv","pos","CXCL9_CXCR3",0.0132725286684914,0.00185929708675126,5,"NK","CD4conv",1
"NK->CD8","neg","LGALS9_HAVCR2",4.08063785231066,0.345976807427613,1,"NK","CD8",-1
"NK->CD8","neg","IL10_IL10RA",3.7886638108109,0.321221793533737,2,"NK","CD8",-1
"NK->CD8","neg","FASLG_FAS",2.12355912534692,0.180045922515588,3,"NK","CD8",-1
"NK->CD8","neg","PVR_TIGIT",1.55799197908821,0.132094322121122,4,"NK","CD8",-1
"NK->CD8","neg","CD274_PDCD1",0.15597536487654,0.0132243685253239,5,"NK","CD8",-1
"NK->CD8","neg","TGFB1_TGFBR1",0.0877134804881297,0.0074367858766157,6,"NK","CD8",-1
"NK->CD8","pos","CCL5_CCR5",12.7842295597839,0.961414765053489,1,"NK","CD8",1
"NK->CD8","pos","IFNG_IFNGR1",0.317641107623787,0.0238876225923008,2,"NK","CD8",1
"NK->CD8","pos","CD80_CD28",0.0964755687875817,0.0072552699296869,3,"NK","CD8",1
"NK->CD8","pos","CD86_CD28",0.0756082724309888,0.0056859828068175,4,"NK","CD8",1
"NK->CD8","pos","CXCL9_CXCR3",0.0233548571942728,0.00175635961770614,5,"NK","CD8",1
"NK->Endo","neg","LGALS9_HAVCR2",0.614730298649589,0.805850812517899,1,"NK","Endo",-1
"NK->Endo","neg","FASLG_FAS",0.108458772031626,0.142178756697659,2,"NK","Endo",-1
"NK->Endo","neg","TGFB1_TGFBR1",0.0377288031654016,0.0494587410982611,3,"NK","Endo",-1
"NK->Endo","neg","CD274_PDCD1",0.00191600197817837,0.00251168968618068,4,"NK","Endo",-1
"NK->Endo","pos","IFNG_IFNGR1",1.72659328252372,0.9966880964795,1,"NK","Endo",1
"NK->Endo","pos","CD80_CD28",0.00313181480075901,0.00180786208535011,2,"NK","Endo",1
"NK->Endo","pos","CD86_CD28",0.00245441524351676,0.0014168284342305,3,"NK","Endo",1
"NK->Endo","pos","CXCL9_CXCR3",0.00015108174971537,8.72130009196509e-05,4,"NK","Endo",1
"NK->Macrophage","neg","IL10_IL10RA",4.21063055715215,0.471726600505701,1,"NK","Macrophage",-1
"NK->Macrophage","neg","LGALS9_HAVCR2",3.56065327829988,0.39890815490778,2,"NK","Macrophage",-1
"NK->Macrophage","neg","FASLG_FAS",0.868753776688779,0.0973284785239064,3,"NK","Macrophage",-1
"NK->Macrophage","neg","TGFB1_TGFBR1",0.260500155262424,0.0291844299814951,4,"NK","Macrophage",-1
"NK->Macrophage","neg","PVR_TIGIT",0.02412804399565,0.00270312011857389,5,"NK","Macrophage",-1
"NK->Macrophage","neg","CD274_PDCD1",0.00133190134036085,0.000149215962542759,6,"NK","Macrophage",-1
"NK->Macrophage","pos","CCL5_CCR5",10.1036355577197,0.781141352095464,1,"NK","Macrophage",1
"NK->Macrophage","pos","IFNG_IFNGR1",2.77320641266683,0.214404626379783,2,"NK","Macrophage",1
"NK->Macrophage","pos","CD80_CD28",0.0322445246805734,0.00249291766936448,3,"NK","Macrophage",1
"NK->Macrophage","pos","CD86_CD28",0.0252701573786456,0.00195370911684738,4,"NK","Macrophage",1
"NK->Macrophage","pos","CXCL9_CXCR3",9.56468929329379e-05,7.39473854164108e-06,5,"NK","Macrophage",1
"NK->NK","neg","LGALS9_HAVCR2",3.37226077750404,0.39197760148493,1,"NK","NK",-1
"NK->NK","neg","IL10_IL10RA",2.93466496681938,0.341113280007698,2,"NK","NK",-1
"NK->NK","neg","FASLG_FAS",1.21401653032318,0.1411122446086,3,"NK","NK",-1
"NK->NK","neg","PVR_TIGIT",0.727548442291042,0.0845672123804186,4,"NK","NK",-1
"NK->NK","neg","TGFB1_TGFBR1",0.348612538238562,0.0405212750739474,5,"NK","NK",-1
"NK->NK","neg","CD274_PDCD1",0.0060943885893887,0.000708386444405944,6,"NK","NK",-1
"NK->NK","pos","CCL5_CCR5",1.85955430807382,0.672127615014423,1,"NK","NK",1
"NK->NK","pos","IFNG_IFNGR1",0.881834185236448,0.318735035157484,2,"NK","NK",1
"NK->NK","pos","CXCL9_CXCR3",0.0155206198869666,0.00560985886934267,3,"NK","NK",1
"NK->NK","pos","CD80_CD28",0.00547142300991926,0.00197762145607961,4,"NK","NK",1
"NK->NK","pos","CD86_CD28",0.0042879751497501,0.00154986950267023,5,"NK","NK",1
"NK->Treg","neg","IL10_IL10RA",4.07611369285285,0.347780116024827,1,"NK","Treg",-1
"NK->Treg","neg","FASLG_FAS",3.90277778767426,0.332990837374435,2,"NK","Treg",-1
"NK->Treg","neg","LGALS9_HAVCR2",1.86064156163676,0.15875272059297,3,"NK","Treg",-1
"NK->Treg","neg","PVR_TIGIT",1.70424071874142,0.145408366782649,4,"NK","Treg",-1
"NK->Treg","neg","TGFB1_TGFBR1",0.107901118988297,0.0092062848361559,5,"NK","Treg",-1
"NK->Treg","neg","CD274_PDCD1",0.0687010272841177,0.00586167438896259,6,"NK","Treg",-1
"NK->Treg","pos","CCL5_CCR5",11.6147621329831,0.947226155060863,1,"NK","Treg",1
"NK->Treg","pos","IFNG_IFNGR1",0.322451737922794,0.0262971136565889,2,"NK","Treg",1
"NK->Treg","pos","CD80_CD28",0.165403193983824,0.0134892328984652,3,"NK","Treg",1
"NK->Treg","pos","CD86_CD28",0.129627116054841,0.010571563440251,4,"NK","Treg",1
"NK->Treg","pos","CXCL9_CXCR3",0.0296238755142525,0.0024159349438317,5,"NK","Treg",1
"NK->Tumor","neg","FASLG_FAS",0.653703404126192,0.432441993110292,1,"NK","Tumor",-1
"NK->Tumor","neg","LGALS9_HAVCR2",0.459208504146755,0.303778501890873,2,"NK","Tumor",-1
"NK->Tumor","neg","TGFB1_TGFBR1",0.263866534310437,0.174554651684639,3,"NK","Tumor",-1
"NK->Tumor","neg","IL10_IL10RA",0.116362366939691,0.0769767658617198,4,"NK","Tumor",-1
"NK->Tumor","neg","PVR_TIGIT",0.0164247635985774,0.0108654130636331,5,"NK","Tumor",-1
"NK->Tumor","neg","CD274_PDCD1",0.00209012762216763,0.00138267438884342,6,"NK","Tumor",-1
"NK->Tumor","pos","IFNG_IFNGR1",0.875356312346483,0.835383933149227,1,"NK","Tumor",1
"NK->Tumor","pos","CCL5_CCR5",0.163420792929103,0.155958325575474,2,"NK","Tumor",1
"NK->Tumor","pos","CD80_CD28",0.00497060861848846,0.00474363013014379,3,"NK","Tumor",1
"NK->Tumor","pos","CD86_CD28",0.00389548499477592,0.00371760108490726,4,"NK","Tumor",1
"NK->Tumor","pos","CXCL9_CXCR3",0.000205912892086668,0.000196510060247793,5,"NK","Tumor",1
"Treg->Bcell","neg","IL10_IL10RA",1.74493066390686,0.587620974523207,1,"Treg","Bcell",-1
"Treg->Bcell","neg","LGALS9_HAVCR2",1.13658912294691,0.382756531175379,2,"Treg","Bcell",-1
"Treg->Bcell","neg","TGFB1_TGFBR1",0.0309459752223801,0.0104213333480147,3,"Treg","Bcell",-1
"Treg->Bcell","neg","FASLG_FAS",0.0243289873168945,0.00819300361442865,4,"Treg","Bcell",-1
"Treg->Bcell","neg","CD274_PDCD1",0.0228267366722754,0.00768710730231232,5,"Treg","Bcell",-1
"Treg->Bcell","neg","PVR_TIGIT",0.00986180258462671,0.00332105003665816,6,"Treg","Bcell",-1
"Treg->Bcell","pos","IFNG_IFNGR1",0.73989594642627,0.761829550765566,1,"Treg","Bcell",1
"Treg->Bcell","pos","CCL5_CCR5",0.193622338997875,0.199362113347688,2,"Treg","Bcell",1
"Treg->Bcell","pos","CD80_CD28",0.025422253302958,0.0261758750088934,3,"Treg","Bcell",1
"Treg->Bcell","pos","CD86_CD28",0.0113505319176187,0.0116870090632553,4,"Treg","Bcell",1
"Treg->Bcell","pos","CXCL9_CXCR3",0.000918231597158203,0.000945451814597135,5,"Treg","Bcell",1
"Treg->CAF","neg","LGALS9_HAVCR2",0.391145462474118,0.47725415107395,1,"Treg","CAF",-1
"Treg->CAF","neg","FASLG_FAS",0.321606234040179,0.392406214394196,2,"Treg","CAF",-1
"Treg->CAF","neg","TGFB1_TGFBR1",0.102539982263299,0.125113638994206,3,"Treg","CAF",-1
"Treg->CAF","neg","PVR_TIGIT",0.00428309410585714,0.0052259955376472,4,"Treg","CAF",-1
"Treg->CAF","pos","IFNG_IFNGR1",0.99493187875202,0.98621193595292,1,"Treg","CAF",1
"Treg->CAF","pos","CD80_CD28",0.00944547067585714,0.0093626871549317,2,"Treg","CAF",1
"Treg->CAF","pos","CD86_CD28",0.00421721533121429,0.00418025413091,3,"Treg","CAF",1
"Treg->CAF","pos","CXCL9_CXCR3",0.000247290101116071,0.000245122761238269,4,"Treg","CAF",1
"Treg->CD4conv","neg","IL10_IL10RA",2.94113490851415,0.528801674425422,1,"Treg","CD4conv",-1
"Treg->CD4conv","neg","LGALS9_HAVCR2",1.4631991718694,0.263076056070247,2,"Treg","CD4conv",-1
"Treg->CD4conv","neg","CD274_PDCD1",0.656296453216127,0.117998893004021,3,"Treg","CD4conv",-1
"Treg->CD4conv","neg","PVR_TIGIT",0.280846704298309,0.0504948640947704,4,"Treg","CD4conv",-1
"Treg->CD4conv","neg","FASLG_FAS",0.182755777565029,0.0328585951319486,5,"Treg","CD4conv",-1
"Treg->CD4conv","neg","TGFB1_TGFBR1",0.0376535116738176,0.00676991727359116,6,"Treg","CD4conv",-1
"Treg->CD4conv","pos","CCL5_CCR5",3.97353492083722,0.800582312276925,1,"Treg","CD4conv",1
"Treg->CD4conv","pos","CD80_CD28",0.479839954572574,0.0966774894414733,2,"Treg","CD4conv",1
"Treg->CD4conv","pos","IFNG_IFNGR1",0.29218330772932,0.0588686881506941,3,"Treg","CD4conv",1
"Treg->CD4conv","pos","CD86_CD28",0.214239023379213,0.0431645816971308,4,"Treg","CD4conv",1
"Treg->CD4conv","pos","CXCL9_CXCR3",0.00350870207231575,0.000706928433776927,5,"Treg","CD4conv",1
"Treg->CD8","neg","IL10_IL10RA",4.41415979137693,0.414037181613676,1,"Treg","CD8",-1
"Treg->CD8","neg","LGALS9_HAVCR2",4.07912330191615,0.382611594324094,2,"Treg","CD8",-1
"Treg->CD8","neg","CD274_PDCD1",1.318622156461,0.123683470258823,3,"Treg","CD8",-1
"Treg->CD8","neg","PVR_TIGIT",0.611645832520245,0.057370853936268,4,"Treg","CD8",-1
"Treg->CD8","neg","FASLG_FAS",0.199134357386364,0.0186783061763566,5,"Treg","CD8",-1
"Treg->CD8","neg","TGFB1_TGFBR1",0.0385787834535244,0.00361859369078232,6,"Treg","CD8",-1
"Treg->CD8","pos","CCL5_CCR5",7.86662639435433,0.919416401171134,1,"Treg","CD8",1
"Treg->CD8","pos","CD80_CD28",0.313802912089366,0.0366758925169354,2,"Treg","CD8",1
"Treg->CD8","pos","IFNG_IFNGR1",0.229398269538884,0.0268110522657709,3,"Treg","CD8",1
"Treg->CD8","pos","CD86_CD28",0.140106776809497,0.0163750586409345,4,"Treg","CD8",1
"Treg->CD8","pos","CXCL9_CXCR3",0.00617404850898674,0.000721595405225102,5,"Treg","CD8",1
"Treg->Endo","neg","LGALS9_HAVCR2",0.61450213823692,0.934653973041997,1,"Treg","Endo",-1
"Treg->Endo","neg","TGFB1_TGFBR1",0.0165941576959274,0.025239611800674,2,"Treg","Endo",-1
"Treg->Endo","neg","CD274_PDCD1",0.016197959608871,0.0246369969468976,3,"Treg","Endo",-1
"Treg->Endo","neg","FASLG_FAS",0.0101705987903226,0.0154694182104312,4,"Treg","Endo",-1
"Treg->Endo","pos","IFNG_IFNGR1",1.24693404506546,0.98828979259713,1,"Treg","Endo",1
"Treg->Endo","pos","CD80_CD28",0.0101867510806452,0.00807377274890343,2,"Treg","Endo",1
"Treg->Endo","pos","CD86_CD28",0.00454818233064516,0.00360477941077571,3,"Treg","Endo",1
"Treg->Endo","pos","CXCL9_CXCR3",3.9939702641129e-05,3.16552431909262e-05,4,"Treg","Endo",1
"Treg->Macrophage","neg","IL10_IL10RA",4.90579186484904,0.565059878671363,1,"Treg","Macrophage",-1
"Treg->Macrophage","neg","LGALS9_HAVCR2",3.55933172293954,0.409971643095225,2,"Treg","Macrophage",-1
"Treg->Macrophage","neg","TGFB1_TGFBR1",0.114575080404415,0.0131970093342051,3,"Treg","Macrophage",-1
"Treg->Macrophage","neg","FASLG_FAS",0.0814664037289916,0.00938347925780027,4,"Treg","Macrophage",-1
"Treg->Macrophage","neg","CD274_PDCD1",0.0112599487682563,0.00129694562266809,5,"Treg","Macrophage",-1
"Treg->Macrophage","neg","PVR_TIGIT",0.00947233217814202,0.00109104401873773,6,"Treg","Macrophage",-1
"Treg->Macrophage","pos","CCL5_CCR5",6.21715417308563,0.742641312157134,1,"Treg","Macrophage",1
"Treg->Macrophage","pos","IFNG_IFNGR1",2.00279100176601,0.239234108744938,2,"Treg","Macrophage",1
"Treg->Macrophage","pos","CD80_CD28",0.104880705766866,0.0125280381959733,3,"Treg","Macrophage",1
"Treg->Macrophage","pos","CD86_CD28",0.0468271550976429,0.00559352059449405,4,"Treg","Macrophage",1
"Treg->Macrophage","pos","CXCL9_CXCR3",2.52850424984244e-05,3.02030746161458e-06,5,"Treg","Macrophage",1
"Treg->NK","neg","IL10_IL10RA",3.41916853660447,0.462393625412889,1,"Treg","NK",-1
"Treg->NK","neg","LGALS9_HAVCR2",3.37100914502015,0.455880756733281,2,"Treg","NK",-1
"Treg->NK","neg","PVR_TIGIT",0.285625329691582,0.0386267393057496,3,"Treg","NK",-1
"Treg->NK","neg","TGFB1_TGFBR1",0.153329312062917,0.0207355957238788,4,"Treg","NK",-1
"Treg->NK","neg","FASLG_FAS",0.113843028308824,0.0153956407893176,5,"Treg","NK",-1
"Treg->NK","neg","CD274_PDCD1",0.0515222120519608,0.00696764203488391,6,"Treg","NK",-1
"Treg->NK","pos","CCL5_CCR5",1.1442550318125,0.631851599175022,1,"Treg","NK",1
"Treg->NK","pos","IFNG_IFNGR1",0.636854711994853,0.351667816202388,2,"Treg","NK",1
"Treg->NK","pos","CD80_CD28",0.0177967178153235,0.00982725380186169,3,"Treg","NK",1
"Treg->NK","pos","CD86_CD28",0.00794588155441667,0.00438767392533186,4,"Treg","NK",1
"Treg->NK","pos","CXCL9_CXCR3",0.00410300346838235,0.00226565689539643,5,"Treg","NK",1
"Treg->Treg","neg","IL10_IL10RA",4.74906670703542,0.574091516512792,1,"Treg","Treg",-1
"Treg->Treg","neg","LGALS9_HAVCR2",1.85995097464689,0.224840403713983,2,"Treg","Treg",-1
"Treg->Treg","neg","PVR_TIGIT",0.669061039607879,0.0808795265602589,3,"Treg","Treg",-1
"Treg->Treg","neg","CD274_PDCD1",0.5808013132085,0.0702102386135218,4,"Treg","Treg",-1
"Treg->Treg","neg","FASLG_FAS",0.365978576953125,0.0442413655598808,5,"Treg","Treg",-1
"Treg->Treg","neg","TGFB1_TGFBR1",0.0474578580245234,0.00573694903956299,6,"Treg","Treg",-1
"Treg->Treg","pos","CCL5_CCR5",7.1470082676626,0.875223825106611,1,"Treg","Treg",1
"Treg->Treg","pos","CD80_CD28",0.538001533375641,0.0658837575555579,2,"Treg","Treg",1
"Treg->Treg","pos","CD86_CD28",0.240207014835992,0.0294157911210804,3,"Treg","Treg",1
"Treg->Treg","pos","IFNG_IFNGR1",0.232872474355254,0.0285176020698663,4,"Treg","Treg",1
"Treg->Treg","pos","CXCL9_CXCR3",0.00783131504199609,0.000959024146884383,5,"Treg","Treg",1
"Treg->Tumor","neg","LGALS9_HAVCR2",0.459038066473458,0.576618950851981,1,"Treg","Tumor",-1
"Treg->Tumor","neg","IL10_IL10RA",0.13557341242814,0.170300035111047,2,"Treg","Tumor",-1
"Treg->Tumor","neg","TGFB1_TGFBR1",0.116055705817898,0.145782940929523,3,"Treg","Tumor",-1
"Treg->Tumor","neg","FASLG_FAS",0.0613002980459427,0.0770021401878858,4,"Treg","Tumor",-1
"Treg->Tumor","neg","CD274_PDCD1",0.0176700249722315,0.0221961358004403,5,"Treg","Tumor",-1
"Treg->Tumor","neg","PVR_TIGIT",0.00644813217272106,0.0080997971191226,6,"Treg","Tumor",-1
"Treg->Tumor","pos","IFNG_IFNGR1",0.632176435803313,0.836017305304872,1,"Treg","Tumor",1
"Treg->Tumor","pos","CCL5_CCR5",0.10055907687128,0.132983647773972,2,"Treg","Tumor",1
"Treg->Tumor","pos","CD80_CD28",0.0161677353027325,0.0213809084539782,3,"Treg","Tumor",1
"Treg->Tumor","pos","CD86_CD28",0.00721857316904014,0.00954615159177587,4,"Treg","Tumor",1
"Treg->Tumor","pos","CXCL9_CXCR3",5.44347659158711e-05,7.19868754014219e-05,5,"Treg","Tumor",1
"Tumor->Bcell","neg","IL10_IL10RA",0.728042852777363,0.74439912889146,1,"Tumor","Bcell",-1
"Tumor->Bcell","neg","LGALS9_HAVCR2",0.195990741225875,0.200393886819665,2,"Tumor","Bcell",-1
"Tumor->Bcell","neg","PVR_TIGIT",0.0414344947004015,0.042365365779463,3,"Tumor","Bcell",-1
"Tumor->Bcell","neg","CD274_PDCD1",0.00824263600640289,0.00842781580717205,4,"Tumor","Bcell",-1
"Tumor->Bcell","neg","TGFB1_TGFBR1",0.00347046821898922,0.00354843606967059,5,"Tumor","Bcell",-1
"Tumor->Bcell","neg","FASLG_FAS",0.000846352403464816,0.000865366632569724,6,"Tumor","Bcell",-1
"Tumor->Bcell","pos","CCL5_CCR5",0.110169633160937,0.545328821117641,1,"Tumor","Bcell",1
"Tumor->Bcell","pos","IL12A_IL12RB1",0.0443887563456528,0.219719967057456,2,"Tumor","Bcell",1
"Tumor->Bcell","pos","IFNG_IFNGR1",0.0328505699545669,0.16260708211851,3,"Tumor","Bcell",1
"Tumor->Bcell","pos","CXCL9_CXCR3",0.0107604052061726,0.0532629447649903,4,"Tumor","Bcell",1
"Tumor->Bcell","pos","CD86_CD28",0.00268224193068055,0.0132768330804333,5,"Tumor","Bcell",1
"Tumor->Bcell","pos","CD80_CD28",0.00117261969383798,0.00580435186096935,6,"Tumor","Bcell",1
"Tumor->CAF","neg","LGALS9_HAVCR2",0.0674481987991192,0.623763140700622,1,"Tumor","CAF",-1
"Tumor->CAF","neg","PVR_TIGIT",0.0179954768418411,0.166422756324498,2,"Tumor","CAF",-1
"Tumor->CAF","neg","TGFB1_TGFBR1",0.0114994517724275,0.106347304770404,3,"Tumor","CAF",-1
"Tumor->CAF","neg","FASLG_FAS",0.0111879794092439,0.103466798204476,4,"Tumor","CAF",-1
"Tumor->CAF","pos","IFNG_IFNGR1",0.0441738861266067,0.602811776107544,1,"Tumor","CAF",1
"Tumor->CAF","pos","IL12A_IL12RB1",0.0247757004485027,0.338097579843099,2,"Tumor","CAF",1
"Tumor->CAF","pos","CXCL9_CXCR3",0.00289789819879816,0.0395456979988046,3,"Tumor","CAF",1
"Tumor->CAF","pos","CD86_CD28",0.000996569312715081,0.0135995215745851,4,"Tumor","CAF",1
"Tumor->CAF","pos","CD80_CD28",0.000435679119395386,0.00594542447596693,5,"Tumor","CAF",1
"Tumor->CD4conv","neg","IL10_IL10RA",1.22713887347448,0.422132856752139,1,"Tumor","CD4conv",-1
"Tumor->CD4conv","neg","PVR_TIGIT",1.17998116277583,0.405910716320104,2,"Tumor","CD4conv",-1
"Tumor->CD4conv","neg","LGALS9_HAVCR2",0.252310605887405,0.0867942489268133,3,"Tumor","CD4conv",-1
"Tumor->CD4conv","neg","CD274_PDCD1",0.236985814215139,0.0815225570037723,4,"Tumor","CD4conv",-1
"Tumor->CD4conv","neg","FASLG_FAS",0.00635767488282727,0.00218702505364402,5,"Tumor","CD4conv",-1
"Tumor->CD4conv","neg","TGFB1_TGFBR1",0.00422269179298053,0.00145259594352811,6,"Tumor","CD4conv",-1
"Tumor->CD4conv","pos","CCL5_CCR5",2.26091104387297,0.925702080037891,1,"Tumor","CD4conv",1
"Tumor->CD4conv","pos","IL12A_IL12RB1",0.0546138350300645,0.0223609596773757,2,"Tumor","CD4conv",1
"Tumor->CD4conv","pos","CD86_CD28",0.0506267808298745,0.0207285096186519,3,"Tumor","CD4conv",1
"Tumor->CD4conv","pos","CXCL9_CXCR3",0.0411171388162871,0.0168349042438408,4,"Tumor","CD4conv",1
"Tumor->CD4conv","pos","CD80_CD28",0.0221329625630255,0.00906206793828401,5,"Tumor","CD4conv",1
"Tumor->CD4conv","pos","IFNG_IFNGR1",0.0129726189695719,0.00531147848395685,6,"Tumor","CD4conv",1
"Tumor->CD8","neg","PVR_TIGIT",2.56983809892825,0.458705629689935,1,"Tumor","CD8",-1
"Tumor->CD8","neg","IL10_IL10RA",1.84173363079872,0.328741948836771,2,"Tumor","CD8",-1
"Tumor->CD8","neg","LGALS9_HAVCR2",0.703394378279321,0.125553030497734,3,"Tumor","CD8",-1
"Tumor->CD8","neg","CD274_PDCD1",0.476148764570764,0.0849906143774604,4,"Tumor","CD8",-1
"Tumor->CD8","neg","FASLG_FAS",0.00692744995059184,0.00123652158984528,5,"Tumor","CD8",-1
"Tumor->CD8","neg","TGFB1_TGFBR1",0.00432645734835001,0.000772255008254878,6,"Tumor","CD8",-1
"Tumor->CD8","pos","CCL5_CCR5",4.47605038016651,0.960439361387572,1,"Tumor","CD8",1
"Tumor->CD8","pos","CXCL9_CXCR3",0.0723513152072643,0.0155246355762937,2,"Tumor","CD8",1
"Tumor->CD8","pos","IL12A_IL12RB1",0.0542498373688765,0.0116405479680962,3,"Tumor","CD8",1
"Tumor->CD8","pos","CD86_CD28",0.0331086044476562,0.00710421112618436,4,"Tumor","CD8",1
"Tumor->CD8","pos","CD80_CD28",0.0144743847177733,0.00310581151553059,5,"Tumor","CD8",1
"Tumor->CD8","pos","IFNG_IFNGR1",0.0101850320134098,0.002185432426323,6,"Tumor","CD8",1
"Tumor->Endo","neg","LGALS9_HAVCR2",0.105963295905625,0.929281760989477,1,"Tumor","Endo",-1
"Tumor->Endo","neg","CD274_PDCD1",0.00584901324351374,0.0512949439759234,2,"Tumor","Endo",-1
"Tumor->Endo","neg","TGFB1_TGFBR1",0.00186096888176149,0.0163204100515161,3,"Tumor","Endo",-1
"Tumor->Endo","neg","FASLG_FAS",0.000353812948263916,0.00310288498308325,4,"Tumor","Endo",-1
"Tumor->Endo","pos","IFNG_IFNGR1",0.0553625064091847,0.687775572786789,1,"Tumor","Endo",1
"Tumor->Endo","pos","IL12A_IL12RB1",0.0231198211877871,0.287220526878465,2,"Tumor","Endo",1
"Tumor->Endo","pos","CD86_CD28",0.00107478005825442,0.0133521315802118,3,"Tumor","Endo",1
"Tumor->Endo","pos","CD80_CD28",0.000469871210511458,0.00583727077956005,4,"Tumor","Endo",1
"Tumor->Endo","pos","CXCL9_CXCR3",0.000468038113219647,0.00581449797497402,5,"Tumor","Endo",1
"Tumor->Macrophage","neg","IL10_IL10RA",2.04685881123774,0.752474928017705,1,"Tumor","Macrophage",-1
"Tumor->Macrophage","neg","LGALS9_HAVCR2",0.613762747296916,0.225634067458185,2,"Tumor","Macrophage",-1
"Tumor->Macrophage","neg","PVR_TIGIT",0.0397981296084244,0.0146307574063838,3,"Tumor","Macrophage",-1
"Tumor->Macrophage","neg","TGFB1_TGFBR1",0.0128491402314603,0.00472365549478756,4,"Tumor","Macrophage",-1
"Tumor->Macrophage","neg","CD274_PDCD1",0.00406591885997473,0.00149473035691955,5,"Tumor","Macrophage",-1
"Tumor->Macrophage","neg","FASLG_FAS",0.00283403849488578,0.00104186126601914,6,"Tumor","Macrophage",-1
"Tumor->Macrophage","pos","CCL5_CCR5",3.53751327506354,0.961737415431019,1,"Tumor","Macrophage",1
"Tumor->Macrophage","pos","IFNG_IFNGR1",0.0889217277451967,0.0241749912912454,2,"Tumor","Macrophage",1
"Tumor->Macrophage","pos","IL12A_IL12RB1",0.0356180091433318,0.00968340452536989,3,"Tumor","Macrophage",1
"Tumor->Macrophage","pos","CD86_CD28",0.0110657156694495,0.00300841635361488,4,"Tumor","Macrophage",1
"Tumor->Macrophage","pos","CD80_CD28",0.00483769788697459,0.00131521628349832,5,"Tumor","Macrophage",1
"Tumor->Macrophage","pos","CXCL9_CXCR3",0.000296305750946037,8.05561152521952e-05,6,"Tumor","Macrophage",1
"Tumor->NK","neg","IL10_IL10RA",1.42659033221563,0.439262021342097,1,"Tumor","NK",-1
"Tumor->NK","neg","PVR_TIGIT",1.20005862091127,0.369510548085515,2,"Tumor","NK",-1
"Tumor->NK","neg","LGALS9_HAVCR2",0.581288847194572,0.178984890221246,3,"Tumor","NK",-1
"Tumor->NK","neg","CD274_PDCD1",0.0186044482085264,0.00572850337022782,4,"Tumor","NK",-1
"Tumor->NK","neg","TGFB1_TGFBR1",0.0171952733992045,0.00529460376976877,5,"Tumor","NK",-1
"Tumor->NK","neg","FASLG_FAS",0.00396035064558473,0.00121943321114564,6,"Tumor","NK",-1
"Tumor->NK","pos","CCL5_CCR5",0.651072380128223,0.83070958871172,1,"Tumor","NK",1
"Tumor->NK","pos","IL12A_IL12RB1",0.0536263642041119,0.0684224001996973,2,"Tumor","NK",1
"Tumor->NK","pos","CXCL9_CXCR3",0.0480815297782863,0.0613476919707212,3,"Tumor","NK",1
"Tumor->NK","pos","IFNG_IFNGR1",0.0282756519593492,0.0360771796295226,4,"Tumor","NK",1
"Tumor->NK","pos","CD86_CD28",0.00187768968328217,0.00239576254827517,5,"Tumor","NK",1
"Tumor->NK","pos","CD80_CD28",0.000820886392218322,0.00104737694006376,6,"Tumor","NK",1
"Tumor->Treg","neg","PVR_TIGIT",2.81106885500762,0.526314792523668,1,"Tumor","Treg",-1
"Tumor->Treg","neg","IL10_IL10RA",1.98146788576616,0.37098908386095,2,"Tumor","Treg",-1
"Tumor->Treg","neg","LGALS9_HAVCR2",0.320725548753872,0.0600492586116238,3,"Tumor","Treg",-1
"Tumor->Treg","neg","CD274_PDCD1",0.209724845279045,0.039266661232245,4,"Tumor","Treg",-1
"Tumor->Treg","neg","FASLG_FAS",0.0127315964362321,0.00238372942195769,5,"Tumor","Treg",-1
"Tumor->Treg","neg","TGFB1_TGFBR1",0.00532221029816826,0.000996474349554901,6,"Tumor","Treg",-1
"Tumor->Treg","pos","CCL5_CCR5",4.0665931582162,0.944168000646488,1,"Tumor","Treg",1
"Tumor->Treg","pos","CXCL9_CXCR3",0.0917721884216032,0.0213073598183561,2,"Tumor","Treg",1
"Tumor->Treg","pos","IL12A_IL12RB1",0.0567816124338653,0.0131833648952193,3,"Tumor","Treg",1
"Tumor->Treg","pos","CD86_CD28",0.0567632717050564,0.0131791066061365,4,"Tumor","Treg",1
"Tumor->Treg","pos","CD80_CD28",0.0248157071614852,0.00576162790417072,5,"Tumor","Treg",1
"Tumor->Treg","pos","IFNG_IFNGR1",0.0103392829035625,0.00240054012962956,6,"Tumor","Treg",1
"Tumor->Tumor","neg","LGALS9_HAVCR2",0.0791554389204087,0.429396052770798,1,"Tumor","Tumor",-1
"Tumor->Tumor","neg","IL10_IL10RA",0.0565657169001494,0.306853147305486,2,"Tumor","Tumor",-1
"Tumor->Tumor","neg","PVR_TIGIT",0.0270919130701918,0.146966029031147,3,"Tumor","Tumor",-1
"Tumor->Tumor","neg","TGFB1_TGFBR1",0.0130151864912661,0.0706037359106165,4,"Tumor","Tumor",-1
"Tumor->Tumor","neg","CD274_PDCD1",0.00638056968725856,0.0346128007816709,5,"Tumor","Tumor",-1
"Tumor->Tumor","neg","FASLG_FAS",0.00213250366357278,0.0115682342002822,6,"Tumor","Tumor",-1
"Tumor->Tumor","pos","CCL5_CCR5",0.0572173472712413,0.526839547525264,1,"Tumor","Tumor",1
"Tumor->Tumor","pos","IFNG_IFNGR1",0.0280679416184029,0.258440881435923,2,"Tumor","Tumor",1
"Tumor->Tumor","pos","IL12A_IL12RB1",0.0202301256218309,0.18627270814321,3,"Tumor","Tumor",1
"Tumor->Tumor","pos","CD86_CD28",0.00170581958398186,0.0157066564712349,4,"Tumor","Tumor",1
"Tumor->Tumor","pos","CD80_CD28",0.000745748403763157,0.00686661948418823,5,"Tumor","Tumor",1
"Tumor->Tumor","pos","CXCL9_CXCR3",0.000637900220783849,0.00587358694017865,6,"Tumor","Tumor",1
